Дата,UserID,Продукт,Количество,Цена
2024-06-02,4331,Tablet,5,137616.0
2024-04-21,4601,Smartphone,11,281648.25
2024-08-08,1558,Smartwatch,1,108357.43
2024-06-25,494,Headphones,2,49200.35
2024-08-27,1551,Laptop,3,200305.97
2024-06-13,1976,Smartphone,1,44878.88
2024-07-08,2042,Smartphone,2,281457.16
2024-03-09,1892,Laptop,3,297283.88
2024-07-04,3331,Smartphone,2,193796.95
2024-05-15,4880,Smartwatch,10,280666.03
2024-09-10,4192,Headphones,4,10165.82
2023-11-15,512,Headphones,3,230165.4
2024-03-24,1190,Tablet,5,127525.04
2024-09-25,262,Headphones,11,54640.38
2024-06-21,2142,Laptop,6,116605.12
2024-06-18,3483,Smartwatch,4,44489.03
2023-12-10,2468,Headphones,7,84905.68
2024-07-18,4157,Smartwatch,9,235286.61
2024-06-10,470,Smartphone,4,10241.08
2023-12-14,3272,Smartwatch,1,237725.86
2024-09-01,75,Laptop,9,164650.8
2024-02-14,318,Laptop,8,127613.46
2023-12-02,4080,Tablet,10,139824.05
2024-05-05,3784,Smartphone,11,212988.64
2024-01-16,1373,Laptop,10,151772.8
2023-12-03,1538,Laptop,1,81695.05
2024-02-09,3671,Headphones,2,114018.35
2024-09-19,551,Tablet,2,163454.12
2024-03-30,2701,Headphones,7,284169.22
2024-08-01,1407,Smartwatch,3,295158.03
2024-08-20,544,Smartphone,6,48390.48
2024-07-14,1295,Laptop,9,40999.03
2024-06-25,1440,Smartwatch,2,266608.0
2024-04-17,4538,Headphones,2,247959.16
2024-05-30,961,Smartwatch,2,165833.22
2024-03-17,2425,Smartphone,3,260659.1
2024-07-22,4083,Laptop,7,226169.66
2024-09-19,4070,Smartphone,7,217675.7
2024-03-25,2397,Headphones,5,40801.05
2024-08-05,4695,Smartphone,8,233779.05
2024-09-20,4397,Headphones,1,28970.33
2023-12-15,3190,Headphones,11,258850.52
2024-04-19,4506,Smartphone,1,205180.31
2024-07-29,2511,Headphones,10,189677.97
2024-03-15,2783,Smartwatch,11,78939.3
2023-10-26,673,Headphones,6,272426.7
2024-05-12,883,Headphones,2,70558.56
2024-05-01,265,Headphones,4,148547.3
2024-07-07,852,Smartwatch,3,230296.34
2024-06-18,3644,Tablet,1,231196.36
2023-11-02,2480,Smartwatch,5,208886.88
2024-10-16,4703,Smartwatch,2,10110.57
2024-04-03,2132,Smartwatch,11,151022.56
2023-11-06,1841,Smartwatch,5,188576.56
2024-06-24,1246,Smartphone,5,84592.31
2024-07-12,3364,Headphones,6,191836.98
2024-10-12,4555,Smartphone,5,116882.68
2024-05-27,3560,Smartwatch,11,157967.31
2024-03-04,4076,Tablet,7,58988.89
2024-08-19,2438,Headphones,2,194749.27
2024-09-05,4566,Tablet,8,68428.48
2023-12-06,2698,Laptop,2,238647.03
2023-12-04,1719,Smartphone,4,176586.17
2024-08-19,1043,Tablet,11,183554.34
2024-02-09,1313,Smartwatch,6,38049.97
2024-02-03,2628,Smartphone,2,202812.06
2024-10-11,21,Headphones,9,125753.23
2024-03-25,836,Smartwatch,4,245508.48
2024-02-01,3326,Smartphone,8,184711.8
2024-03-05,3393,Smartphone,11,82424.84
2024-04-28,2339,Headphones,1,221629.9
2024-05-14,4619,Smartphone,7,76410.48
2024-01-08,2038,Laptop,8,120654.63
2024-07-24,4449,Smartwatch,7,239559.81
2024-02-21,409,Tablet,11,160770.48
2024-06-09,2719,Headphones,9,169921.31
2024-01-20,3559,Headphones,1,215214.8
2024-03-03,311,Headphones,6,116379.89
2024-01-21,4856,Smartwatch,2,225350.6
2024-10-09,3069,Smartphone,4,242417.95
2024-02-27,4587,Headphones,10,255734.67
2024-08-19,2122,Tablet,7,135181.64
2024-05-24,719,Laptop,10,147520.11
2024-09-15,355,Laptop,2,211296.19
2024-10-15,1846,Tablet,3,198984.97
2024-05-27,444,Headphones,10,44480.88
2024-07-08,1844,Laptop,1,290612.56
2024-04-23,428,Tablet,6,126443.38
2023-12-06,753,Headphones,2,154400.61
2024-10-05,796,Tablet,2,241840.9
2023-12-25,3230,Tablet,1,178536.78
2024-09-10,597,Smartwatch,7,261507.7
2024-05-04,4751,Smartwatch,4,285472.8
2023-12-28,890,Headphones,10,174742.81
2024-09-21,4441,Smartphone,7,71664.44
2024-07-28,1843,Tablet,9,61592.96
2024-03-17,3530,Smartwatch,1,161475.94
2023-12-21,586,Tablet,3,299944.5
2024-03-21,1258,Smartwatch,5,135879.17
2024-04-03,3829,Tablet,11,144054.81
2024-09-25,98,Smartphone,2,296741.88
2023-12-07,4116,Laptop,9,278048.16
2024-06-02,4286,Headphones,5,23933.83
2024-03-01,1699,Tablet,10,108992.54
2024-02-26,762,Headphones,7,27831.17
2024-04-16,2824,Smartphone,7,195775.3
2024-07-10,2316,Laptop,3,265437.12
2024-03-10,3550,Tablet,7,183208.02
2024-08-21,4162,Smartphone,4,17425.52
2024-02-06,1752,Laptop,11,21214.43
2023-11-29,2778,Smartwatch,6,33162.09
2024-06-06,3664,Smartwatch,7,296323.78
2024-06-03,2276,Tablet,9,51519.11
2024-08-20,1615,Smartphone,4,290270.22
2024-04-21,4331,Smartphone,2,180723.89
2024-04-19,1588,Tablet,1,296009.5
2023-12-27,897,Laptop,1,87170.12
2023-12-30,172,Smartwatch,9,269852.2
2024-03-20,2805,Tablet,8,75340.0
2023-11-27,1981,Headphones,1,54681.99
2024-01-31,2064,Smartwatch,3,46492.07
2024-06-19,2167,Tablet,11,140788.55
2024-01-31,2207,Smartphone,2,211458.31
2023-10-28,4736,Laptop,2,242048.52
2024-09-09,4556,Laptop,8,167104.4
2024-03-15,543,Headphones,4,183757.55
2024-07-03,3379,Laptop,5,88002.49
2024-01-01,4511,Tablet,11,56813.34
2024-03-10,2270,Smartphone,4,25228.16
2024-07-18,3664,Laptop,1,118760.58
2024-04-30,783,Smartphone,9,101880.76
2024-08-20,902,Smartphone,3,55193.78
2024-09-19,4431,Headphones,1,114141.3
2024-06-04,2155,Headphones,10,248550.52
2024-01-01,451,Headphones,8,182875.34
2024-04-12,3153,Smartphone,1,212041.62
2024-06-05,3162,Smartphone,6,200509.03
2024-09-08,364,Smartwatch,5,293950.5
2024-04-08,348,Smartphone,1,50908.63
2024-01-24,3251,Tablet,2,281919.88
2024-07-11,3556,Laptop,9,151376.25
2024-10-22,1818,Tablet,3,32296.71
2023-12-05,491,Smartwatch,7,110251.58
2024-06-27,3774,Smartwatch,3,40075.47
2023-12-28,716,Laptop,8,43739.06
2024-05-21,4786,Laptop,8,180823.94
2024-05-21,1155,Laptop,11,174854.08
2024-01-24,3987,Smartwatch,1,127541.27
2024-09-25,1402,Smartphone,1,131209.27
2024-06-16,2860,Tablet,10,261325.69
2023-11-02,1894,Headphones,2,280228.9
2024-06-11,3258,Smartwatch,10,146020.11
2024-10-03,3649,Laptop,4,221238.11
2024-09-24,2291,Headphones,7,140662.56
2024-09-16,875,Smartphone,2,127033.77
2024-01-01,4360,Headphones,2,285290.28
2024-09-30,4251,Laptop,4,71283.05
2024-07-01,4030,Smartwatch,5,186737.44
2024-03-31,1161,Tablet,6,175591.4
2024-08-12,3374,Laptop,2,293448.44
2024-07-28,2706,Tablet,6,100394.98
2023-11-05,1484,Smartphone,8,14694.81
2024-05-11,1215,Tablet,10,122840.55
2024-01-25,427,Smartphone,1,74582.71
2024-02-28,345,Tablet,5,297046.9
2024-09-02,4697,Headphones,3,110443.56
2024-10-13,173,Smartwatch,8,272338.78
2024-08-03,1005,Smartwatch,2,23632.85
2024-05-15,1256,Smartwatch,4,227608.4
2024-01-02,2356,Headphones,9,250923.9
2024-04-28,2772,Smartwatch,4,23620.29
2024-02-12,681,Tablet,4,108647.77
2024-01-09,3695,Laptop,11,156571.56
2024-01-01,151,Smartwatch,10,240608.62
2023-12-18,3107,Headphones,11,147852.44
2024-04-02,1842,Tablet,7,113636.11
2024-10-14,3090,Smartphone,1,152986.98
2023-12-02,275,Smartphone,9,171134.64
2023-12-03,887,Tablet,10,109409.42
2024-09-13,2491,Laptop,3,123933.32
2024-10-13,4753,Smartphone,9,43963.34
2023-11-21,2160,Laptop,9,32391.94
2024-08-29,3764,Laptop,4,175519.55
2024-07-19,3847,Smartphone,6,47491.89
2024-04-01,4376,Smartwatch,5,179347.16
2024-08-27,2180,Laptop,2,222309.67
2024-06-02,2935,Tablet,2,219636.14
2024-04-27,753,Smartwatch,5,257466.25
2024-08-16,3617,Smartwatch,9,218538.12
2024-06-25,1229,Tablet,8,289743.97
2024-01-14,3096,Headphones,1,156815.14
2024-02-22,1486,Tablet,8,213278.5
2024-06-14,3603,Headphones,2,259405.86
2024-01-05,1124,Tablet,11,21309.47
2023-12-11,3784,Headphones,2,205460.17
2024-05-27,399,Headphones,7,281334.47
2024-02-04,3585,Headphones,9,105448.13
2024-07-19,3120,Smartwatch,6,92481.89
2024-05-13,1066,Smartwatch,1,210893.44
2024-09-19,2890,Smartwatch,10,15478.79
2024-09-02,1236,Laptop,9,57558.54
2024-09-14,3006,Smartphone,6,288779.47
2023-11-26,3479,Smartphone,11,281541.28
2024-09-07,8,Headphones,9,285172.62
2024-08-29,1235,Laptop,4,250675.78
2024-05-14,414,Smartwatch,1,264387.38
2024-04-17,4007,Smartphone,11,72183.21
2024-02-10,283,Laptop,7,250837.5
2023-11-10,2820,Smartwatch,2,175321.27
2024-04-15,4926,Tablet,1,182197.44
2024-02-12,4071,Tablet,4,106546.46
2024-01-28,3329,Tablet,11,224354.45
2024-09-17,1365,Tablet,4,66902.22
2023-11-07,4789,Smartphone,4,189641.84
2023-10-28,401,Laptop,8,245224.62
2024-05-05,4816,Smartwatch,4,278917.62
2024-01-26,3553,Smartwatch,6,100627.61
2024-07-08,1502,Headphones,3,195429.73
2024-10-03,4261,Headphones,7,188607.55
2024-10-16,3186,Laptop,1,201599.62
2024-08-27,1214,Tablet,1,202736.88
2024-04-25,1420,Smartwatch,10,246502.52
2024-01-07,3553,Laptop,10,149716.25
2023-11-18,4488,Laptop,11,244030.77
2024-03-21,2783,Smartphone,9,126626.69
2024-09-14,1811,Smartwatch,5,27338.75
2024-04-13,4404,Headphones,9,93022.8
2024-09-01,4845,Laptop,1,228803.4
2024-06-04,4605,Laptop,3,140073.48
2023-12-16,1721,Smartphone,8,190555.81
2023-11-15,769,Headphones,5,249477.34
2024-04-05,704,Smartphone,1,224749.34
2023-12-22,2027,Smartphone,6,135683.9
2023-12-16,3707,Smartphone,8,174133.36
2023-12-31,1916,Tablet,2,206259.3
2024-01-02,4297,Headphones,8,17923.02
2024-09-12,1241,Smartwatch,9,142602.14
2024-04-12,1110,Tablet,9,52911.47
2023-11-02,2685,Tablet,6,204991.6
2023-11-15,30,Headphones,2,199309.55
2024-07-29,4595,Smartwatch,7,74879.63
2024-09-14,1023,Smartwatch,6,202978.94
2024-01-03,2740,Headphones,7,212554.48
2024-08-25,1969,Headphones,9,141487.69
2024-05-12,1453,Smartphone,2,58230.07
2024-02-28,4755,Headphones,6,27038.64
2024-09-14,2035,Smartphone,2,60587.17
2023-11-28,2995,Headphones,8,142973.6
2024-10-12,1670,Tablet,7,46063.28
2024-09-01,3867,Headphones,6,202445.95
2024-02-14,2003,Smartphone,8,131476.42
2023-10-26,309,Headphones,4,294269.06
2023-12-24,3195,Headphones,5,153223.25
2024-04-23,2492,Smartphone,7,56204.21
2024-03-27,4533,Smartphone,10,129235.93
2024-09-21,1942,Tablet,6,17902.66
2024-10-19,3501,Smartwatch,8,269884.9
2024-10-07,4766,Smartphone,7,72471.93
2023-11-02,2843,Tablet,9,214178.39
2024-05-20,3276,Smartwatch,6,256163.2
2024-02-13,2858,Headphones,6,146352.7
2024-05-05,1904,Tablet,11,246461.94
2024-03-01,1619,Smartphone,4,210521.02
2024-10-11,3211,Smartphone,7,122373.58
2024-10-03,4612,Laptop,4,293874.94
2024-08-15,3712,Headphones,6,158296.23
2024-06-11,2418,Headphones,5,27562.86
2024-07-26,2012,Tablet,7,280574.78
2024-02-12,2943,Smartwatch,11,69041.93
2024-06-02,4701,Tablet,10,235933.38
2024-07-27,3390,Laptop,6,110757.9
2024-04-25,2943,Smartwatch,8,39803.82
2023-10-30,2389,Headphones,4,266990.1
2024-06-18,9,Headphones,11,238816.75
2024-05-19,4005,Smartwatch,7,255930.97
2024-07-12,4763,Laptop,6,222399.94
2024-08-20,4103,Tablet,3,267853.12
2024-02-21,1463,Smartphone,10,75393.95
2024-07-09,1932,Tablet,5,181240.77
2024-04-13,3681,Smartphone,1,91283.07
2023-11-20,313,Smartwatch,2,220086.73
2024-08-26,1744,Tablet,1,56816.78
2024-05-29,192,Smartwatch,11,196665.1
2023-11-15,1061,Smartwatch,7,131677.95
2024-05-16,3272,Laptop,11,284571.47
2024-04-25,2683,Smartwatch,2,55359.6
2024-06-17,2357,Smartphone,11,243957.9
2024-08-30,3233,Smartphone,1,266329.7
2024-04-15,2356,Smartphone,11,73470.94
2024-03-30,2655,Smartphone,7,138318.98
2024-05-01,196,Tablet,5,187443.19
2024-09-14,2802,Smartwatch,3,99977.65
2023-12-26,333,Tablet,9,274208.56
2024-06-17,2594,Headphones,8,74514.27
2024-04-07,1737,Headphones,3,139481.95
2024-06-12,1544,Tablet,2,152330.77
2024-04-21,4819,Laptop,9,103481.3
2023-11-16,3656,Headphones,8,268984.25
2024-10-08,1020,Tablet,4,32917.29
2024-03-20,1021,Smartphone,10,62531.51
2023-12-24,3055,Laptop,3,55335.19
2024-07-08,1803,Laptop,4,283954.84
2024-06-19,4426,Smartwatch,5,220559.66
2024-01-22,3134,Smartwatch,5,109685.27
2024-08-24,2069,Smartwatch,6,159457.78
2024-07-18,3850,Tablet,2,45725.45
2024-05-07,573,Tablet,8,118306.97
2023-12-16,4460,Laptop,4,106497.43
2024-10-11,4184,Smartphone,3,184924.69
2024-03-01,3560,Headphones,5,265447.38
2024-07-14,3273,Tablet,1,49320.33
2023-11-29,862,Headphones,11,172580.4
2024-03-05,3087,Laptop,11,187281.3
2024-02-14,1697,Headphones,8,210210.38
2024-10-11,3473,Smartwatch,10,278020.16
2024-07-24,1432,Smartwatch,9,260347.19
2023-11-24,1510,Smartphone,3,143046.77
2023-12-05,2668,Smartwatch,1,244630.0
2024-02-01,3697,Smartphone,10,123403.93
2024-01-03,2086,Smartwatch,3,122543.49
2024-01-24,843,Smartphone,5,70638.55
2023-10-30,3755,Smartwatch,5,43046.36
2024-09-05,4779,Tablet,11,262110.77
2024-07-29,3479,Smartwatch,7,86174.09
2024-10-14,1286,Laptop,8,249146.75
2024-10-21,3707,Smartwatch,7,17333.48
2023-11-29,4938,Smartphone,6,145751.45
2024-01-06,2102,Tablet,3,132184.81
2024-03-29,2542,Smartwatch,8,78675.18
2024-06-03,3923,Headphones,4,243280.17
2024-02-28,2871,Tablet,2,93509.78
2024-03-26,1791,Smartphone,6,215949.06
2024-10-03,362,Headphones,3,33449.26
2024-01-16,986,Laptop,11,208654.77
2024-07-04,1114,Smartwatch,11,176161.67
2023-10-29,1160,Headphones,10,60367.88
2024-08-25,1870,Laptop,4,224312.45
2023-12-14,766,Smartphone,10,159757.2
2024-04-15,2946,Headphones,5,194650.77
2024-09-26,841,Smartwatch,8,269506.1
2023-10-29,933,Headphones,5,232032.12
2024-04-28,3402,Smartphone,1,180856.4
2024-07-14,4964,Tablet,6,58163.4
2024-03-30,3247,Smartphone,9,173074.38
2024-01-27,2124,Headphones,9,165198.23
2024-07-26,272,Smartphone,4,32818.18
2024-06-29,2484,Headphones,5,130057.23
2024-04-25,1173,Smartwatch,7,181118.6
2024-09-20,3479,Laptop,3,167309.22
2024-04-05,542,Tablet,9,65788.52
2024-03-02,2951,Tablet,3,121343.98
2024-03-31,3237,Smartphone,6,26498.63
2024-06-30,4255,Smartwatch,11,257081.4
2023-12-07,1567,Smartwatch,10,132469.98
2024-03-07,902,Tablet,5,297355.44
2024-05-02,4364,Headphones,3,99894.19
2024-03-12,1645,Smartwatch,2,151400.19
2023-12-24,997,Laptop,8,288600.53
2024-08-25,4400,Headphones,5,66813.46
2024-09-18,4109,Laptop,2,244378.88
2023-11-28,112,Smartphone,11,288291.7
2023-12-22,4011,Smartphone,2,263916.1
2024-10-01,2366,Headphones,3,125748.72
2024-06-18,6,Headphones,7,60334.5
2024-06-21,4634,Headphones,4,243567.16
2024-02-26,4267,Laptop,8,31634.91
2023-12-05,1342,Headphones,8,123943.3
2023-12-29,4893,Headphones,2,80337.49
2024-03-17,2411,Smartphone,10,24243.56
2024-10-09,459,Headphones,3,217006.66
2024-06-12,3361,Tablet,7,16538.94
2023-12-30,4070,Smartphone,7,83427.79
2024-08-18,574,Tablet,11,175089.23
2024-10-13,1442,Headphones,1,80262.77
2024-01-08,3843,Headphones,8,30023.02
2024-01-19,4326,Tablet,3,37665.46
2023-11-20,4041,Smartwatch,9,217514.05
2024-10-02,4129,Tablet,10,150972.06
2023-11-08,590,Headphones,10,144125.86
2024-02-23,529,Headphones,1,148566.31
2024-10-12,2870,Tablet,4,250421.34
2024-01-23,2887,Smartphone,2,227272.67
2023-11-04,2594,Smartphone,7,265336.88
2024-07-31,3397,Tablet,1,255396.36
2023-11-14,1417,Smartwatch,7,175915.86
2024-09-04,4367,Headphones,5,66168.69
2023-11-10,3424,Smartwatch,10,13432.83
2023-12-22,1245,Tablet,1,159736.8
2023-12-12,1628,Headphones,5,186740.1
2023-10-29,2051,Headphones,7,236165.73
2023-12-28,2758,Headphones,10,214565.23
2024-06-22,2991,Laptop,11,41248.91
2024-03-21,4133,Smartwatch,11,54970.61
2024-07-02,2526,Laptop,2,297273.16
2023-11-10,3834,Headphones,4,44974.58
2024-03-19,4111,Tablet,6,161511.55
2024-04-19,1000,Smartwatch,4,221081.73
2024-06-29,2400,Smartwatch,6,293778.06
2024-02-22,4301,Smartphone,2,261163.42
2024-05-03,2231,Smartphone,5,285999.25
2024-10-13,1890,Laptop,2,68906.93
2024-09-18,3084,Smartphone,4,54399.03
2024-04-07,1080,Headphones,10,54522.06
2024-08-21,250,Headphones,7,58818.7
2024-03-02,1241,Tablet,2,69190.34
2024-07-27,383,Smartphone,5,185075.73
2024-10-06,2315,Laptop,7,255217.95
2023-12-25,3308,Tablet,7,123813.71
2024-09-05,2865,Headphones,5,271386.5
2024-04-24,1677,Smartphone,3,143072.08
2024-08-29,3263,Headphones,5,252757.27
2024-08-05,3460,Tablet,4,42489.73
2024-02-24,2459,Laptop,3,19402.07
2024-05-07,2256,Tablet,8,81555.92
2024-01-07,2641,Headphones,7,297542.7
2024-08-25,3544,Smartphone,9,159391.14
2024-05-18,1149,Smartphone,4,170304.61
2023-11-11,533,Smartwatch,6,123479.8
2024-01-20,157,Headphones,7,141575.36
2024-03-24,1114,Smartwatch,9,234330.8
2024-10-13,1829,Laptop,8,223647.95
2024-07-11,2623,Smartphone,1,243402.95
2024-01-11,3539,Tablet,5,69523.58
2024-07-02,167,Smartwatch,7,44214.94
2024-03-08,1379,Smartwatch,6,35820.39
2024-05-13,2599,Tablet,9,188303.3
2023-12-07,1047,Tablet,11,120211.37
2024-02-06,4140,Smartwatch,6,106448.27
2023-12-25,3035,Smartphone,7,46666.38
2024-06-08,4280,Smartphone,1,237544.88
2024-08-14,2331,Smartwatch,8,24396.23
2024-06-10,4023,Laptop,7,47298.9
2024-04-09,4143,Headphones,7,154805.25
2024-03-29,363,Smartwatch,1,195283.23
2024-03-08,1611,Tablet,5,199398.72
2024-01-28,3389,Headphones,5,36565.46
2023-12-08,1421,Smartphone,2,258158.9
2024-03-02,2039,Headphones,3,83277.19
2023-11-28,3877,Smartphone,8,164138.77
2024-08-15,43,Headphones,10,161356.53
2024-06-18,2413,Tablet,1,248953.36
2023-11-20,1708,Tablet,3,24907.79
2024-03-30,1350,Smartwatch,9,166311.42
2024-09-26,1385,Laptop,9,55049.63
2024-02-12,186,Laptop,11,53425.34
2023-11-25,1993,Tablet,8,32472.19
2024-10-07,4640,Headphones,4,82126.01
2024-09-01,948,Headphones,6,149011.8
2023-10-24,713,Laptop,3,222322.7
2024-10-05,2262,Tablet,5,289830.12
2024-07-20,3363,Smartwatch,2,23433.31
2024-04-05,1042,Tablet,9,178197.14
2024-02-20,2749,Tablet,9,249589.98
2024-05-11,2628,Headphones,8,127035.49
2024-03-09,2014,Smartwatch,11,60670.68
2024-09-26,2002,Smartphone,5,145987.64
2024-07-20,686,Smartwatch,9,188000.7
2024-02-18,515,Smartwatch,2,136475.02
2024-09-01,2240,Smartwatch,4,287185.2
2024-04-16,2871,Smartwatch,2,19153.74
2023-11-05,3428,Tablet,7,247161.06
2024-08-21,3730,Smartwatch,7,206752.94
2024-04-02,2179,Smartphone,6,108858.98
2024-05-27,3511,Laptop,5,161074.31
2024-08-11,4527,Smartwatch,8,284988.1
2024-03-25,513,Tablet,10,115494.16
2023-11-06,2638,Smartphone,6,62680.19
2024-01-20,3905,Smartwatch,6,219647.6
2024-02-26,638,Headphones,11,298753.62
2024-03-18,3524,Smartphone,4,163871.2
2024-03-01,4056,Tablet,10,64608.86
2024-07-01,342,Smartwatch,3,91442.39
2023-12-08,4189,Headphones,1,43624.49
2024-05-17,4436,Tablet,11,214303.67
2024-06-16,4109,Tablet,6,216814.55
2024-06-05,2908,Tablet,1,215656.64
2024-10-01,1490,Smartphone,9,161450.64
2023-11-29,2001,Smartwatch,1,125378.56
2024-03-27,3126,Tablet,3,140587.02
2024-04-29,151,Headphones,7,188765.28
2024-01-28,4376,Tablet,5,104250.22
2023-12-06,799,Smartwatch,10,260948.58
2024-10-06,3884,Laptop,4,182101.94
2024-08-01,1726,Smartwatch,7,102684.58
2024-07-09,4373,Headphones,2,129319.97
2024-06-29,4,Tablet,2,11436.71
2024-04-28,567,Smartwatch,11,141705.61
2024-10-21,277,Headphones,6,57115.97
2024-06-30,486,Smartwatch,6,255719.52
2023-12-15,4855,Tablet,4,61195.5
2024-09-24,106,Smartwatch,3,201761.2
2023-12-15,4157,Tablet,6,75772.8
2024-03-25,4372,Headphones,8,115826.27
2024-08-30,2505,Headphones,7,38735.42
2024-02-23,4053,Smartwatch,5,258962.34
2024-05-02,3303,Headphones,2,121951.06
2024-04-13,3893,Smartwatch,4,48106.23
2024-08-14,4254,Smartphone,11,95946.1
2024-06-23,1009,Laptop,3,120734.13
2024-10-20,2345,Tablet,4,168239.38
2024-03-27,2328,Tablet,10,86556.2
2024-01-27,1606,Smartphone,5,234405.94
2024-05-17,2597,Smartwatch,1,269084.84
2024-03-20,700,Headphones,6,74594.15
2024-01-23,3308,Headphones,2,294838.66
2024-09-25,1095,Smartwatch,1,86436.65
2024-09-16,1995,Tablet,1,186116.64
2024-02-20,3700,Smartphone,11,229688.7
2024-03-28,1365,Tablet,3,125640.31
2024-03-30,4538,Laptop,9,110781.74
2024-06-11,2891,Smartwatch,5,264242.38
2024-02-13,1053,Tablet,11,202678.02
2024-05-23,3448,Tablet,11,111174.92
2024-02-21,2621,Headphones,1,134164.84
2023-11-06,2904,Laptop,2,178396.77
2024-09-09,4902,Headphones,2,267199.03
2024-01-12,3666,Headphones,5,216372.64
2024-01-28,53,Laptop,8,181765.88
2024-03-13,3365,Headphones,4,296794.6
2024-01-24,1120,Headphones,6,136655.02
2023-11-22,4939,Smartwatch,5,254817.6
2024-09-23,3423,Headphones,11,21600.01
2023-11-16,72,Headphones,4,230414.67
2024-10-15,1846,Smartwatch,6,196293.69
2024-08-30,2744,Headphones,6,109010.81
2024-03-18,3614,Headphones,2,186845.34
2023-12-20,1511,Smartphone,10,72498.96
2024-09-16,210,Headphones,6,215357.1
2024-03-10,1374,Headphones,3,235346.66
2024-07-06,3694,Smartphone,5,203372.61
2024-05-04,1811,Laptop,11,170373.25
2023-12-20,1153,Smartwatch,3,175244.86
2023-11-17,644,Laptop,4,51004.34
2023-12-22,2004,Smartphone,11,87333.74
2024-07-28,2876,Smartwatch,10,270160.2
2023-12-31,3872,Smartwatch,2,12921.0
2024-01-25,1295,Headphones,4,117920.15
2024-04-01,3728,Tablet,1,232506.89
2024-06-19,228,Laptop,3,156283.31
2024-01-12,3477,Laptop,5,215224.08
2024-04-17,3978,Tablet,4,77993.62
2023-11-09,1121,Tablet,8,34490.8
2024-01-18,2158,Headphones,2,88442.16
2024-09-22,1779,Headphones,6,264543.88
2024-05-23,1041,Laptop,1,139426.4
2024-02-21,488,Tablet,2,199202.98
2024-04-20,4414,Smartphone,2,216497.83
2024-07-18,483,Headphones,11,136954.73
2024-04-10,3970,Laptop,10,13456.33
2023-12-26,247,Tablet,11,288551.22
2024-06-26,834,Smartphone,9,240964.08
2024-04-23,1074,Laptop,4,296586.56
2023-12-03,4846,Smartwatch,11,181774.84
2024-07-30,1453,Headphones,6,148312.16
2024-10-02,589,Headphones,1,73341.59
2024-05-30,4871,Smartwatch,4,233879.9
2024-10-02,936,Smartphone,4,225760.1
2024-01-27,3911,Headphones,3,101463.89
2023-12-23,216,Headphones,10,257421.45
2024-05-01,594,Smartphone,2,291656.97
2024-08-07,4375,Laptop,5,289438.56
2024-06-21,1990,Tablet,7,158056.84
2024-01-20,4891,Headphones,6,35263.13
2024-07-18,318,Smartphone,9,235643.33
2024-03-04,1545,Headphones,2,274298.8
2024-05-21,3010,Tablet,10,98550.92
2023-12-13,3447,Headphones,10,152996.66
2023-11-24,2915,Headphones,2,97665.69
2024-10-14,4378,Smartphone,6,225973.08
2024-06-16,372,Laptop,11,291748.9
2024-10-01,456,Headphones,8,94510.42
2024-05-16,650,Smartphone,8,117714.91
2024-06-21,2891,Laptop,5,44890.88
2023-12-22,346,Smartwatch,6,166171.62
2023-12-28,4386,Headphones,10,159226.19
2024-09-06,701,Headphones,9,279881.12
2024-06-13,2320,Smartwatch,1,196847.34
2023-10-28,1983,Tablet,9,74683.31
2024-03-10,4151,Smartwatch,2,64746.12
2023-11-29,2898,Tablet,10,185252.97
2024-07-13,2163,Smartphone,8,235669.02
2024-01-10,652,Tablet,8,144516.8
2024-08-21,231,Tablet,7,280491.0
2024-02-24,3969,Laptop,4,72770.25
2024-06-27,953,Smartwatch,9,153059.94
2023-12-29,2885,Smartphone,5,259082.95
2024-09-18,2900,Tablet,11,264802.97
2024-10-21,3862,Laptop,3,49723.85
2023-12-02,4513,Headphones,2,168913.58
2024-02-06,2773,Laptop,4,265135.4
2023-11-04,605,Smartphone,1,264328.44
2024-07-04,3839,Headphones,1,44262.95
2023-11-05,2338,Smartwatch,10,196358.66
2024-07-31,315,Headphones,1,150142.45
2023-12-18,3284,Headphones,5,52925.35
2024-01-21,2561,Smartphone,4,66410.2
2024-07-23,72,Headphones,6,259238.48
2024-08-31,2446,Smartphone,1,40188.71
2023-12-03,957,Smartwatch,1,294399.34
2024-07-24,3136,Headphones,1,266708.78
2024-08-22,3922,Tablet,1,141154.61
2024-06-20,1883,Smartphone,10,12098.25
2023-11-16,2549,Tablet,11,99104.97
2024-01-11,1949,Smartwatch,10,137703.3
2024-08-06,3021,Smartwatch,7,187096.72
2024-04-13,2611,Smartwatch,11,50674.03
2024-10-08,1332,Tablet,4,116267.0
2023-11-12,557,Tablet,11,151438.94
2023-11-04,1588,Smartphone,10,151746.28
2024-04-20,2654,Laptop,8,112000.99
2024-07-25,4517,Headphones,3,45777.39
2024-04-24,2739,Headphones,10,73178.52
2024-06-07,1297,Smartwatch,6,168091.19
2024-09-02,2892,Laptop,2,213938.92
2023-12-27,2649,Headphones,11,148582.7
2024-02-18,1009,Smartphone,5,189094.98
2024-02-20,915,Headphones,3,77010.73
2024-09-17,2280,Tablet,2,229508.6
2024-02-19,1794,Smartphone,2,77223.03
2024-09-26,3012,Smartwatch,2,199648.36
2024-08-26,3485,Tablet,2,116682.06
2024-03-28,2741,Headphones,5,266646.1
2024-02-28,3133,Smartphone,4,200210.23
2024-01-30,2081,Smartwatch,5,188829.16
2024-06-12,587,Headphones,1,163351.05
2024-09-08,1433,Smartphone,9,245387.3
2024-10-10,1028,Laptop,7,275715.12
2024-07-28,3547,Headphones,4,108924.98
2024-06-02,1326,Smartphone,6,211070.17
2024-07-28,1669,Smartphone,5,169815.44
2024-06-17,3999,Smartwatch,2,68707.37
2024-05-15,509,Headphones,2,73299.35
2024-01-24,2564,Laptop,6,158887.36
2023-11-17,2331,Smartphone,10,196427.52
2024-01-06,850,Tablet,3,235115.69
2024-03-06,787,Smartwatch,6,81734.05
2024-09-17,1602,Laptop,1,261503.1
2024-03-26,412,Headphones,6,67218.43
2023-11-03,1115,Smartphone,4,105040.91
2023-12-04,2398,Smartwatch,2,184185.66
2024-10-09,2212,Smartwatch,6,54858.44
2024-10-11,301,Smartphone,5,102310.6
2024-09-27,618,Tablet,8,215943.06
2024-08-05,4850,Tablet,5,59219.22
2024-09-17,3960,Smartphone,11,201596.62
2024-08-06,2834,Headphones,4,131096.08
2024-03-13,4132,Smartphone,5,244568.72
2024-06-04,254,Laptop,10,266342.16
2024-06-17,2613,Tablet,1,176291.78
2024-07-27,703,Tablet,4,268490.34
2024-06-23,197,Laptop,5,255879.23
2023-12-28,3082,Tablet,5,273664.03
2024-06-14,1248,Laptop,9,51225.61
2024-09-17,735,Smartphone,11,186323.94
2023-11-18,4818,Tablet,8,79102.76
2024-08-13,995,Tablet,7,292773.88
2024-08-07,2239,Headphones,3,219055.84
2024-02-02,1541,Headphones,7,133457.38
2024-06-04,977,Headphones,6,192656.48
2024-03-30,943,Smartwatch,3,60637.61
2024-02-08,3155,Laptop,1,284777.8
2024-07-31,235,Tablet,7,223202.16
2023-12-26,3541,Headphones,3,286643.88
2024-06-21,3452,Tablet,3,50389.11
2024-10-06,3505,Headphones,8,278971.62
2023-11-02,1658,Smartwatch,9,111486.91
2024-10-16,1378,Smartwatch,8,36453.82
2024-10-16,4589,Tablet,3,191381.88
2024-09-16,1916,Tablet,7,67540.73
2024-03-01,2779,Laptop,7,122774.47
2024-07-07,4781,Headphones,6,161707.16
2024-08-07,1942,Tablet,5,26168.53
2024-04-16,4748,Laptop,10,158581.67
2024-05-03,1655,Laptop,9,195928.12
2023-12-29,4590,Smartwatch,6,141960.53
2024-05-17,6,Smartphone,4,73737.64
2024-08-29,2558,Tablet,9,205017.77
2024-05-18,4183,Headphones,5,234265.19
2024-08-13,3506,Laptop,4,40334.57
2024-03-29,1411,Headphones,7,215329.69
2023-12-15,4349,Smartwatch,1,113453.23
2024-09-01,312,Tablet,8,120146.62
2024-10-03,2720,Headphones,4,206853.33
2023-11-19,2646,Smartphone,3,254545.58
2024-01-30,4138,Headphones,3,178095.42
2023-12-03,3084,Headphones,3,170835.23
2024-05-26,4761,Tablet,6,39309.45
2024-06-07,529,Headphones,6,227760.83
2024-08-01,1956,Smartphone,4,16386.98
2024-03-09,776,Headphones,4,106746.21
2023-12-29,606,Smartphone,3,131300.16
2024-10-12,3742,Smartphone,1,36612.54
2024-08-16,1953,Tablet,1,228685.45
2024-05-12,3753,Headphones,3,115378.68
2024-03-07,4061,Laptop,9,282822.88
2024-03-21,3748,Smartwatch,7,102743.42
2023-11-04,4355,Headphones,2,121336.12
2024-08-14,1080,Tablet,11,110116.18
2023-12-05,3988,Tablet,5,93729.18
2023-12-14,65,Headphones,4,240359.1
2024-08-05,3229,Smartwatch,10,178286.53
2024-03-12,4895,Smartphone,1,193989.27
2024-06-10,2594,Smartwatch,1,213202.19
2024-04-12,2540,Smartphone,4,221096.97
2024-02-13,1456,Tablet,8,241257.8
2024-09-28,1854,Headphones,7,233960.28
2023-12-18,2160,Headphones,3,266984.34
2024-04-15,2960,Smartphone,2,270118.2
2024-04-25,2879,Headphones,5,175432.16
2023-11-16,3422,Headphones,5,151618.92
2024-02-03,3131,Smartwatch,1,277548.12
2023-11-24,3987,Headphones,4,102495.4
2023-10-30,3501,Tablet,6,226136.84
2024-08-31,128,Smartwatch,4,259763.0
2024-01-04,2915,Headphones,5,140312.88
2024-08-30,3221,Tablet,3,166733.72
2024-02-11,3699,Laptop,10,201361.98
2024-04-10,1769,Headphones,2,233895.81
2024-01-22,751,Headphones,3,86229.25
2024-06-22,1464,Laptop,2,197658.72
2024-05-22,4561,Smartwatch,5,208584.27
2023-11-08,2772,Smartphone,3,238336.31
2024-04-17,446,Smartphone,5,106104.43
2024-07-01,1973,Headphones,3,94569.21
2024-04-04,1879,Tablet,5,13280.65
2024-07-29,328,Headphones,9,150109.58
2024-09-12,393,Smartphone,9,61625.19
2024-04-22,4356,Headphones,7,102336.2
2024-01-10,2567,Smartwatch,11,59436.11
2023-12-27,4215,Laptop,2,287953.66
2024-09-16,301,Smartphone,5,214968.7
2024-05-29,2592,Headphones,4,202955.06
2024-06-01,2117,Headphones,6,170592.66
2024-05-25,1420,Headphones,9,197278.25
2023-12-29,773,Tablet,7,107506.88
2024-06-05,1836,Tablet,9,50201.1
2024-07-04,2429,Laptop,2,287816.6
2023-12-14,4633,Tablet,1,255654.8
2024-03-13,758,Smartphone,11,295052.88
2024-03-18,1689,Smartphone,6,113305.18
2024-04-23,440,Headphones,11,179696.8
2024-03-06,488,Headphones,9,44345.34
2024-09-01,8,Headphones,10,27412.41
2024-02-09,2413,Smartphone,11,193664.52
2024-09-06,3644,Smartwatch,3,207731.38
2024-07-15,3723,Tablet,7,133099.77
2024-01-04,1945,Tablet,7,232701.77
2024-06-20,4098,Headphones,8,259255.92
2024-01-20,1396,Tablet,8,184901.14
2024-08-03,4691,Smartphone,3,145565.8
2024-10-18,3218,Tablet,11,107007.89
2024-03-15,460,Headphones,1,62835.32
2024-03-08,1787,Smartphone,9,299972.06
2024-08-03,642,Headphones,9,229481.34
2024-08-01,37,Tablet,4,245447.47
2024-06-29,801,Smartphone,11,250484.77
2023-12-22,1117,Smartphone,10,192062.2
2024-09-19,1812,Tablet,3,127168.64
2024-06-30,3879,Laptop,10,222721.92
2024-07-28,3068,Smartphone,10,207064.72
2024-09-03,2685,Headphones,9,284181.4
2024-09-02,4039,Tablet,6,114282.22
2024-01-25,1439,Tablet,11,121306.04
2023-11-22,3486,Laptop,8,180556.42
2023-12-02,2707,Smartwatch,3,30063.37
2024-09-27,2140,Smartwatch,9,61257.6
2023-12-23,166,Laptop,8,154075.4
2024-07-06,2414,Smartphone,3,10417.29
2023-11-30,3700,Smartwatch,2,245367.53
2024-08-27,798,Smartwatch,6,167283.84
2024-07-14,1487,Smartwatch,6,297450.88
2024-05-13,4397,Laptop,1,101883.83
2024-07-08,3646,Headphones,2,133281.48
2024-06-08,125,Tablet,3,282762.6
2024-09-26,1399,Smartphone,2,39975.85
2024-08-26,2331,Smartwatch,11,228823.6
2024-04-30,3219,Laptop,3,130476.18
2024-07-23,4560,Tablet,3,235507.14
2024-10-08,885,Headphones,9,20111.41
2024-05-27,692,Headphones,6,118564.62
2024-09-06,4416,Smartwatch,2,156429.02
2024-07-04,929,Tablet,9,202346.0
2024-07-13,4739,Smartwatch,4,155520.88
2023-12-26,3375,Headphones,10,100383.87
2024-09-18,3302,Laptop,8,279892.66
2023-11-24,2715,Smartwatch,1,103821.26
2024-02-20,1400,Headphones,8,271200.72
2024-10-04,2914,Tablet,1,275227.38
2024-01-24,1158,Laptop,11,117339.24
2024-02-22,70,Smartwatch,4,56503.15
2024-01-01,1056,Laptop,9,27024.55
2023-10-28,2404,Smartphone,3,200389.62
2024-08-26,4907,Laptop,9,235497.25
2024-07-08,947,Tablet,3,82366.49
2024-05-19,2677,Laptop,9,163497.69
2024-02-27,1185,Headphones,1,69354.95
2024-02-22,376,Headphones,11,280141.06
2023-11-27,105,Smartwatch,10,151688.05
2024-01-22,1766,Laptop,4,204129.7
2024-10-05,2172,Smartphone,4,256632.2
2024-05-11,3607,Smartwatch,10,108232.92
2024-03-27,1823,Laptop,1,239131.88
2024-02-21,2210,Headphones,7,141729.02
2023-11-08,3138,Headphones,5,183812.8
2024-02-21,2278,Tablet,10,37791.71
2023-12-20,806,Headphones,9,16469.32
2023-10-26,2933,Tablet,2,98003.96
2024-08-04,4190,Headphones,1,272781.62
2024-05-18,3209,Smartwatch,1,290143.84
2024-09-17,2534,Smartphone,11,88179.89
2024-09-03,3532,Smartwatch,8,109697.35
2024-06-11,977,Tablet,8,168847.44
2024-09-11,153,Smartphone,4,138388.44
2024-04-18,3286,Headphones,4,36147.63
2024-05-06,2265,Laptop,11,136429.16
2024-01-07,3908,Smartwatch,10,110958.1
2023-11-28,1573,Laptop,1,253626.6
2023-11-14,518,Laptop,5,207186.81
2024-05-02,3776,Smartwatch,9,98475.83
2023-12-15,3285,Smartphone,1,74001.86
2024-10-11,1317,Headphones,2,256890.27
2024-01-30,4744,Headphones,5,187456.06
2024-01-12,199,Headphones,5,87641.72
2024-07-09,3743,Tablet,1,121981.14
2024-05-30,4852,Headphones,1,114452.19
2024-05-26,77,Headphones,5,108767.35
2024-03-27,1713,Headphones,5,176679.45
2024-01-25,4393,Tablet,2,81911.37
2024-05-26,4161,Laptop,1,67852.04
2024-02-07,1721,Laptop,3,160070.78
2024-05-19,2485,Smartphone,1,196076.9
2024-02-12,4384,Smartwatch,7,194757.16
2024-01-14,2412,Headphones,5,273233.4
2024-09-04,3084,Laptop,3,123510.07
2024-09-28,3531,Smartwatch,2,81492.84
2024-10-08,2099,Tablet,8,65978.85
2023-12-24,288,Smartwatch,3,228954.39
2024-10-22,657,Headphones,4,269228.53
2024-07-12,4069,Smartwatch,10,19204.62
2024-06-12,1590,Headphones,8,206626.95
2023-11-04,721,Smartwatch,11,131482.3
2024-02-25,2037,Laptop,3,227563.52
2024-07-14,108,Smartwatch,3,114813.37
2024-03-04,1861,Smartwatch,2,112752.7
2024-02-08,4800,Laptop,8,42358.38
2024-02-12,397,Smartphone,11,46556.32
2024-08-20,4500,Tablet,5,138076.14
2023-12-28,4864,Smartwatch,4,282074.75
2024-10-17,2930,Tablet,6,298152.06
2024-08-29,284,Tablet,2,78227.96
2024-02-13,4811,Laptop,1,125848.8
2023-11-03,4073,Laptop,2,293977.84
2023-12-20,1426,Smartphone,3,231217.95
2024-06-22,4256,Smartphone,2,170874.84
2024-07-11,1105,Tablet,9,241733.34
2024-09-01,4802,Smartwatch,2,188973.6
2024-03-11,1252,Headphones,9,38308.69
2024-02-28,1477,Smartphone,7,197986.72
2024-07-18,400,Tablet,11,32707.24
2024-04-13,888,Smartphone,10,198379.84
2024-03-31,4960,Headphones,5,28976.98
2023-11-12,3415,Headphones,10,150332.53
2024-04-18,2787,Smartwatch,5,100936.16
2024-03-04,821,Headphones,11,141517.28
2023-11-17,867,Laptop,10,226591.92
2024-05-28,4072,Smartwatch,5,227900.9
2024-08-26,3111,Headphones,5,114776.78
2023-10-26,2373,Headphones,2,251982.53
2023-11-23,2597,Laptop,3,268233.9
2024-10-05,1519,Laptop,10,122914.55
2024-10-13,1719,Smartphone,10,252772.4
2023-10-28,4154,Smartphone,7,143369.86
2024-08-21,4929,Smartphone,5,20497.73
2023-11-19,1178,Laptop,2,236204.58
2024-03-26,4862,Smartphone,8,275933.78
2024-10-02,4754,Laptop,2,58653.64
2023-10-29,4758,Smartwatch,7,95747.28
2023-11-15,1329,Laptop,1,49459.65
2024-02-10,2011,Headphones,5,98248.83
2023-11-04,468,Smartphone,2,297150.6
2023-12-16,182,Smartwatch,1,130719.76
2024-07-26,659,Smartwatch,6,94252.67
2023-10-27,2335,Smartwatch,8,86355.92
2024-05-17,283,Tablet,11,77855.11
2024-09-07,2230,Headphones,3,269721.4
2024-02-24,4082,Laptop,7,162312.39
2024-05-08,910,Tablet,10,281274.47
2024-01-16,2527,Headphones,3,67426.87
2024-07-31,53,Laptop,3,197909.22
2023-11-09,743,Tablet,9,35110.47
2023-12-23,2964,Tablet,7,161667.94
2024-06-01,1425,Laptop,11,159120.47
2023-12-01,3691,Smartphone,7,45128.22
2023-12-23,4271,Laptop,10,223009.94
2024-03-28,333,Headphones,9,139176.81
2023-11-16,2264,Headphones,6,213671.06
2024-01-08,1786,Tablet,9,24163.68
2024-02-22,1458,Smartwatch,3,39481.62
2024-03-10,4653,Smartwatch,4,261860.56
2024-03-09,2778,Smartphone,5,180625.88
2024-06-09,4187,Smartwatch,2,229119.73
2024-08-22,4470,Smartphone,5,257548.08
2024-10-22,822,Headphones,4,45710.77
2023-11-07,1670,Smartphone,7,270679.56
2024-05-22,624,Tablet,8,18574.86
2024-05-23,1387,Tablet,9,57326.57
2024-08-31,1681,Laptop,9,205242.83
2024-02-20,3492,Smartwatch,9,237296.12
2024-09-12,3718,Laptop,1,34056.67
2023-10-29,4012,Smartwatch,3,151252.73
2024-03-16,689,Tablet,3,252680.45
2023-11-01,4697,Smartphone,7,261560.05
2024-08-02,1179,Smartphone,8,185342.48
2024-06-19,2613,Smartphone,11,167443.23
2023-10-25,2532,Smartphone,2,84554.51
2024-10-19,197,Tablet,4,52685.82
2024-03-31,1877,Smartphone,9,228384.25
2024-06-29,3641,Smartwatch,9,176991.67
2024-01-05,3313,Laptop,2,219566.88
2024-02-22,1341,Smartwatch,1,111458.88
2024-03-01,2506,Laptop,5,98886.26
2024-01-28,2354,Tablet,1,135415.69
2023-10-24,4282,Laptop,4,222459.08
2024-04-24,3886,Smartwatch,7,39765.01
2024-08-02,3078,Smartphone,2,35495.13
2024-09-08,4063,Smartwatch,8,58493.35
2024-05-29,2834,Smartphone,11,60208.83
2023-12-26,3077,Tablet,1,16545.88
2024-09-19,3414,Laptop,3,185300.84
2024-06-21,1486,Smartphone,2,212694.31
2024-08-17,4622,Headphones,6,149578.38
2024-04-15,4298,Smartwatch,1,287311.88
2024-09-02,3824,Smartwatch,11,143061.73
2024-04-20,4394,Headphones,9,223679.45
2023-11-22,1813,Laptop,11,56677.4
2024-06-04,1687,Laptop,7,278000.9
2024-05-04,4648,Headphones,11,52383.98
2024-08-13,4780,Tablet,2,100380.94
2024-06-30,4456,Tablet,5,288776.1
2023-11-14,2090,Headphones,7,281761.47
2024-06-16,874,Smartwatch,5,259751.36
2024-08-11,1088,Smartwatch,7,299171.16
2023-11-19,4164,Headphones,5,214246.38
2024-06-09,1077,Headphones,10,277649.6
2024-04-23,4235,Laptop,1,88855.56
2024-07-15,573,Smartphone,7,57388.52
2023-12-19,1628,Smartwatch,9,74449.51
2024-07-23,1999,Smartphone,10,180187.9
2024-03-16,3174,Tablet,1,94673.31
2024-03-30,4947,Tablet,11,62912.92
2024-04-30,4415,Laptop,7,298469.94
2024-06-23,3447,Smartwatch,10,101462.09
2024-06-21,4941,Smartwatch,10,220535.81
2024-02-17,239,Laptop,4,155066.3
2024-09-06,3049,Tablet,2,267125.72
2024-03-06,4887,Headphones,10,189256.23
2023-11-19,3713,Smartwatch,5,211320.52
2024-05-03,336,Laptop,5,23772.16
2024-02-13,4509,Laptop,10,74109.4
2024-02-27,4535,Tablet,3,250800.14
2024-03-05,4926,Smartphone,8,74870.39
2024-10-01,978,Tablet,10,105408.8
2024-04-26,2122,Smartwatch,1,135003.95
2024-10-02,1290,Smartphone,10,83564.17
2024-05-04,2205,Smartphone,11,208090.6
2023-12-21,1101,Tablet,4,45858.86
2024-05-22,1738,Smartwatch,10,65560.6
2023-12-08,2812,Smartwatch,9,125063.95
2024-01-21,4315,Headphones,10,119916.73
2024-10-21,3089,Tablet,1,138453.94
2023-11-16,9,Smartphone,6,92572.69
2024-05-16,1484,Laptop,9,14979.75
2024-07-13,4965,Tablet,4,93838.6
2023-10-27,70,Smartwatch,3,195981.95
2024-03-16,2484,Headphones,8,202344.9
2024-09-22,3810,Tablet,11,196957.45
2024-01-25,1348,Smartphone,2,204728.11
2024-09-03,4189,Laptop,8,270841.06
2024-09-03,2497,Laptop,2,62235.15
2024-02-27,2145,Smartwatch,7,185323.05
2023-11-01,2708,Laptop,4,31715.63
2024-03-14,4350,Headphones,8,296976.03
2024-02-08,648,Headphones,7,209294.31
2024-10-03,2635,Headphones,10,37013.35
2024-08-23,804,Headphones,7,152561.22
2024-03-29,1722,Smartwatch,11,115429.58
2024-03-24,292,Laptop,9,126036.28
2023-11-25,4568,Smartphone,11,47067.74
2024-04-27,4591,Smartwatch,1,237079.34
2024-01-12,3622,Tablet,1,252901.06
2023-11-06,1822,Laptop,3,230221.02
2024-08-28,1562,Smartwatch,7,221329.64
2024-03-17,2677,Laptop,8,51698.36
2024-07-30,2602,Smartwatch,2,286983.94
2023-11-07,4399,Laptop,6,93534.92
2024-08-25,1872,Tablet,2,272012.03
2024-01-19,2815,Headphones,4,201696.81
2024-06-18,2844,Headphones,11,273318.47
2024-07-28,2397,Tablet,10,269769.88
2024-05-24,4646,Smartphone,8,161612.88
2024-09-17,2892,Headphones,7,127678.39
2023-11-03,4702,Smartphone,10,269655.38
2024-10-22,4480,Smartwatch,1,150654.98
2024-09-27,1672,Headphones,4,32894.24
2024-04-07,4372,Smartphone,9,27934.98
2023-12-04,2238,Laptop,6,12169.76
2023-11-11,4471,Tablet,4,211225.34
2024-02-05,1939,Smartphone,3,69913.1
2024-01-09,537,Laptop,1,208310.08
2024-04-14,1998,Headphones,11,224061.77
2024-08-31,4722,Smartphone,8,240051.88
2024-10-05,4881,Smartwatch,9,116487.04
2024-03-29,428,Tablet,5,292838.47
2024-03-12,2466,Laptop,6,214480.19
2024-04-11,4864,Laptop,1,264521.47
2024-10-12,4299,Smartwatch,11,98911.9
2024-04-26,1714,Headphones,2,251788.39
2023-11-25,2820,Smartphone,3,26496.01
2024-04-30,492,Tablet,9,153000.12
2024-08-29,1476,Laptop,2,83206.03
2024-02-16,4148,Smartphone,7,265028.72
2024-10-21,1306,Laptop,4,112377.17
2024-03-25,4970,Laptop,10,84922.56
2024-09-10,829,Headphones,5,69901.94
2024-01-02,1470,Smartwatch,1,282686.12
2024-06-25,2789,Headphones,4,101964.55
2024-06-19,2863,Tablet,10,212015.16
2024-02-27,2156,Tablet,1,98318.92
2024-06-28,4613,Tablet,6,71707.68
2024-03-27,186,Laptop,3,97406.42
2024-10-02,2257,Headphones,9,274817.22
2024-08-22,26,Tablet,3,197728.06
2024-05-03,492,Tablet,2,55016.0
2024-07-21,3113,Headphones,8,66824.96
2024-04-21,2973,Laptop,7,114621.75
2024-08-08,1275,Laptop,10,198812.95
2024-07-19,4027,Smartwatch,11,211996.4
2024-09-22,4322,Headphones,11,179674.61
2024-04-10,4073,Smartwatch,1,58197.17
2024-05-15,2052,Smartphone,8,169460.67
2024-01-02,673,Smartwatch,8,154981.94
2024-10-16,2986,Headphones,9,57520.99
2024-07-19,370,Smartwatch,6,105554.82
2024-01-04,4765,Headphones,11,122415.46
2024-05-09,3414,Smartwatch,8,135650.95
2023-12-03,92,Smartwatch,5,177567.73
2024-08-05,2891,Smartwatch,4,60388.32
2024-01-09,997,Tablet,2,123958.65
2024-01-26,1920,Smartphone,9,118924.66
2024-08-06,2736,Smartwatch,9,68412.36
2024-04-15,2746,Smartwatch,11,58792.42
2024-03-23,1856,Laptop,3,91374.53
2024-03-05,4406,Tablet,11,256964.84
2024-08-14,1564,Headphones,1,104860.94
2024-04-14,4109,Smartphone,11,223373.06
2024-09-24,3921,Smartphone,3,114088.32
2024-05-29,763,Tablet,7,217366.73
2024-03-09,4130,Headphones,1,148133.05
2024-04-28,2424,Headphones,8,119350.39
2023-11-21,1103,Headphones,7,207581.95
2024-03-22,4366,Laptop,6,10277.22
2024-09-15,4487,Smartwatch,8,249479.9
2024-09-07,470,Smartphone,6,292844.38
2024-10-06,1185,Smartwatch,11,80218.27
2024-03-10,3266,Headphones,6,139708.06
2024-03-16,657,Tablet,4,10501.2
2024-07-11,2602,Laptop,6,19545.43
2024-01-20,2139,Laptop,11,223030.64
2024-08-18,3442,Tablet,8,214246.28
2024-03-06,250,Headphones,9,289409.6
2024-03-08,941,Laptop,4,278888.22
2024-10-13,3878,Smartphone,1,72149.01
2024-06-02,1311,Laptop,10,183966.92
2024-10-12,2183,Tablet,2,166437.45
2024-03-02,4154,Tablet,5,162543.75
2024-02-18,2770,Smartwatch,3,66920.65
2024-07-16,2112,Smartwatch,1,60324.63
2024-10-21,709,Smartphone,4,125433.46
2024-08-16,56,Headphones,9,117280.08
2024-06-23,3727,Laptop,2,209138.9
2024-09-02,1573,Smartwatch,1,49247.83
2024-02-16,813,Laptop,9,297303.84
2024-05-06,2829,Tablet,8,157717.6
2024-08-21,1931,Laptop,2,16813.86
2024-09-20,3167,Smartphone,6,210462.55
2024-05-24,4258,Headphones,7,219590.81
2024-09-12,4542,Laptop,11,52462.06
2024-05-08,1905,Laptop,4,171767.19
2024-01-28,2848,Smartphone,7,272778.94
2024-04-23,1815,Tablet,9,255723.23
2024-09-16,1167,Smartwatch,10,204023.12
2024-06-11,2563,Tablet,6,226767.55
2024-04-07,1909,Smartphone,8,44678.06
2024-10-11,522,Tablet,6,152347.64
2024-05-31,2190,Smartwatch,11,114233.8
2024-05-08,4192,Tablet,1,228198.83
2024-04-09,1179,Tablet,11,175662.92
2023-11-20,1309,Tablet,6,215610.83
2023-11-11,2624,Tablet,6,127271.23
2024-08-30,1324,Smartwatch,1,271594.2
2024-06-14,2305,Tablet,7,244126.31
2023-12-09,1024,Tablet,8,33841.34
2024-04-11,4842,Tablet,9,285029.0
2024-01-31,1528,Laptop,2,65953.69
2024-01-28,1282,Smartphone,1,275924.8
2023-12-13,3416,Headphones,1,272189.47
2024-01-30,3902,Laptop,9,177730.67
2024-01-07,2395,Headphones,5,15089.03
2024-05-07,2314,Headphones,4,38271.35
2024-03-02,1170,Laptop,3,202721.06
2023-12-12,131,Smartwatch,6,67192.99
2024-09-28,1033,Laptop,2,14119.63
2024-08-06,3890,Tablet,1,278234.6
2024-02-29,2474,Headphones,6,41450.59
2024-03-15,4226,Smartwatch,4,116814.46
2024-07-25,2934,Headphones,2,75559.49
2024-02-21,3273,Smartwatch,2,282897.16
2024-10-13,4965,Laptop,1,247530.28
2024-03-07,3953,Smartwatch,7,191907.44
2023-11-10,3057,Headphones,2,243687.33
2024-02-07,2220,Laptop,5,164340.97
2024-02-11,479,Smartwatch,5,41294.93
2024-09-12,2049,Headphones,3,247108.67
2024-10-21,4667,Smartphone,7,190031.45
2024-10-16,2097,Tablet,7,56536.92
2024-07-31,1683,Tablet,5,215540.1
2024-01-11,409,Headphones,4,244581.61
2023-12-30,2859,Headphones,8,171409.38
2024-05-26,2273,Laptop,11,25167.62
2024-03-21,1520,Smartphone,2,275202.47
2023-12-27,2484,Smartwatch,9,143817.27
2024-03-27,3031,Tablet,11,276640.34
2024-03-08,2672,Laptop,9,244426.12
2024-10-10,3312,Smartwatch,5,131095.78
2024-04-19,164,Laptop,3,272509.16
2024-07-26,3992,Smartwatch,9,227666.78
2024-04-23,4101,Smartphone,1,270755.34
2024-04-06,4745,Headphones,6,178016.45
2023-10-27,3269,Smartphone,4,253597.64
2024-08-24,471,Smartphone,6,110741.79
2024-09-27,1028,Smartphone,6,224832.02
2024-05-06,3143,Smartwatch,11,245194.19
2024-02-13,4105,Headphones,8,38028.58
2023-12-29,1191,Smartwatch,3,254826.66
2024-07-04,4188,Headphones,8,112392.84
2023-11-17,4937,Smartwatch,7,66673.46
2024-07-07,3982,Smartphone,2,203370.69
2024-01-10,2305,Laptop,4,207578.34
2023-12-09,4459,Laptop,6,257479.1
2024-05-24,3055,Smartphone,6,205986.0
2024-07-18,1337,Smartwatch,11,201061.27
2023-12-30,629,Headphones,11,199418.66
2024-05-17,3624,Smartwatch,6,93473.98
2024-08-29,2063,Headphones,10,32816.33
2023-10-31,2951,Tablet,5,11487.5
2024-04-09,3075,Laptop,3,93664.41
2024-09-09,1912,Tablet,10,70874.98
2024-05-05,1164,Tablet,1,134915.34
2024-10-20,3270,Headphones,4,109761.64
2024-04-14,729,Laptop,1,25760.85
2024-04-27,600,Headphones,1,276250.72
2023-11-10,1512,Smartwatch,2,286141.75
2024-07-15,4743,Tablet,11,169964.48
2024-10-22,2913,Smartwatch,4,46725.82
2023-11-08,3406,Smartphone,1,74116.8
2024-04-21,101,Tablet,3,74574.93
2024-07-20,691,Smartwatch,11,210091.62
2023-12-05,4467,Tablet,7,159285.06
2024-09-27,3504,Headphones,6,289269.06
2024-01-13,3227,Smartwatch,4,285335.38
2024-07-06,1935,Headphones,6,181616.47
2024-09-22,690,Smartphone,4,209698.94
2024-08-25,571,Smartwatch,4,247620.4
2024-09-15,565,Laptop,10,131703.3
2023-11-23,4314,Smartwatch,9,238077.56
2024-02-16,2067,Smartwatch,3,45794.87
2024-09-22,3728,Headphones,11,171297.69
2024-09-04,2227,Tablet,7,170409.73
2024-02-08,2236,Headphones,4,67273.2
2023-12-09,2792,Smartphone,10,164533.84
2023-12-11,3502,Smartphone,9,299504.34
2024-03-19,3972,Smartphone,7,157369.3
2024-07-29,2086,Headphones,3,36062.28
2024-05-31,4126,Headphones,2,153426.39
2024-06-16,1551,Smartphone,3,276856.62
2024-04-26,3048,Tablet,10,102246.83
2024-07-23,1346,Laptop,9,268410.38
2023-12-04,473,Smartphone,4,223635.56
2024-03-21,4991,Tablet,4,212086.8
2023-12-24,4202,Smartphone,8,27144.12
2024-05-02,2057,Headphones,2,281039.12
2024-05-11,2797,Smartphone,8,248506.34
2024-08-05,2567,Smartphone,11,126503.7
2023-12-05,4212,Tablet,2,87905.49
2024-02-14,4957,Laptop,7,263001.75
2024-03-04,866,Headphones,11,83371.86
2024-03-02,1961,Laptop,9,20994.17
2024-10-10,1075,Smartwatch,3,195266.69
2024-01-09,1258,Headphones,1,169499.88
2024-04-02,4105,Headphones,4,159407.97
2024-05-13,4600,Tablet,1,210905.61
2024-02-19,3352,Smartphone,5,276845.47
2024-01-29,1404,Laptop,9,21971.73
2024-04-28,3015,Tablet,1,150195.9
2024-06-18,4341,Laptop,10,23237.77
2024-03-01,2162,Smartphone,1,49570.99
2024-01-02,4467,Headphones,9,218287.52
2024-09-01,708,Smartwatch,7,213031.88
2024-01-22,3101,Smartphone,6,234126.95
2024-02-12,123,Headphones,6,200180.88
2024-03-15,3925,Headphones,10,217136.53
2023-11-17,4300,Headphones,4,51289.67
2024-04-24,3328,Tablet,3,134712.75
2024-10-21,4034,Tablet,3,69759.74
2024-07-11,4688,Laptop,11,19283.14
2024-06-26,2833,Tablet,8,215451.4
2024-06-20,4592,Smartwatch,9,209816.98
2024-02-23,2039,Headphones,7,242228.98
2024-04-13,1561,Tablet,3,53326.25
2024-10-12,2869,Headphones,1,69283.52
2024-05-31,3491,Tablet,9,196549.73
2024-10-15,4547,Smartwatch,8,175557.2
2024-08-22,2501,Smartphone,1,148982.94
2023-11-08,4136,Laptop,5,49483.85
2024-08-12,2233,Headphones,7,239694.12
2024-01-31,4285,Tablet,2,134606.55
2024-01-29,1040,Laptop,6,176124.1
2024-08-26,1122,Smartphone,10,289109.47
2024-08-22,2186,Laptop,1,78098.86
2024-01-30,2551,Smartphone,11,139489.16
2024-03-15,613,Smartwatch,9,203060.31
2024-07-30,1124,Headphones,4,70203.57
2024-03-19,1872,Headphones,8,246414.62
2024-06-12,313,Tablet,5,223777.95
2024-04-01,419,Laptop,6,289431.72
2024-01-05,817,Laptop,7,165681.44
2024-07-24,1647,Tablet,6,189779.44
2024-08-31,1164,Smartwatch,6,16534.52
2023-11-11,2938,Laptop,10,171311.03
2023-11-27,1354,Headphones,4,114806.53
2023-12-04,2974,Smartwatch,9,288013.53
2024-09-06,91,Smartwatch,9,180678.16
2024-02-26,3198,Smartwatch,9,149812.55
2024-02-07,276,Smartwatch,2,92711.62
2024-08-26,694,Laptop,9,135472.56
2024-09-01,190,Tablet,10,37471.74
2024-04-02,716,Tablet,10,18725.6
2024-04-27,2532,Headphones,5,201482.12
2024-05-27,4258,Laptop,8,73799.31
2024-06-13,2598,Smartphone,5,239959.55
2024-08-16,1943,Laptop,4,287048.38
2024-08-16,3574,Smartphone,5,207284.9
2024-09-16,2002,Smartphone,9,176021.9
2024-10-10,995,Headphones,9,32403.11
2023-12-20,4540,Headphones,11,258677.1
2024-10-20,4487,Laptop,10,81526.98
2024-05-18,815,Smartphone,9,101872.36
2024-01-19,1663,Laptop,7,134933.95
2024-03-31,3612,Headphones,10,17701.37
2023-12-01,823,Headphones,8,179314.98
2024-01-01,3711,Smartwatch,7,151605.84
2024-03-29,3096,Smartphone,9,241117.81
2024-07-27,3496,Tablet,9,53625.89
2024-02-27,1606,Laptop,9,20519.48
2024-05-24,4721,Smartphone,8,119067.58
2024-08-09,1574,Laptop,6,130337.78
2024-03-08,4699,Smartphone,8,208739.34
2024-07-11,4737,Headphones,8,168113.98
2024-10-03,4652,Smartphone,6,175238.77
2024-06-20,3749,Laptop,9,280682.97
2024-06-25,490,Headphones,10,188664.5
2024-02-26,856,Tablet,11,117487.04
2024-01-07,4951,Laptop,1,293310.66
2023-11-25,4549,Headphones,5,191447.8
2024-03-01,4414,Tablet,5,198813.02
2024-02-07,539,Smartwatch,4,252582.84
2024-03-11,4575,Smartwatch,3,75684.72
2023-11-26,1400,Tablet,7,133666.31
2024-06-10,3953,Smartphone,10,18117.29
2024-01-18,2667,Smartphone,3,100954.32
2024-09-03,2393,Smartwatch,10,149654.94
2024-02-22,479,Headphones,8,296406.94
2024-07-06,4890,Smartphone,3,187352.62
2024-09-20,3195,Smartphone,1,107157.23
2023-12-29,1419,Headphones,4,266878.4
2024-06-14,180,Laptop,9,78599.76
2024-03-01,4683,Laptop,6,64858.49
2024-08-31,3684,Smartwatch,5,137520.42
2024-01-19,1860,Smartphone,3,243927.11
2024-09-21,1411,Tablet,8,104441.77
2023-12-31,2021,Headphones,10,274907.7
2024-02-27,3246,Headphones,8,86457.22
2024-06-25,2033,Smartphone,10,42367.34
2024-10-03,2796,Smartwatch,1,136828.84
2024-07-18,2672,Laptop,5,86533.63
2024-09-14,4899,Smartphone,11,267068.8
2023-11-19,1796,Tablet,8,287180.75
2024-04-26,203,Smartwatch,9,161095.9
2024-01-31,4745,Tablet,5,133777.53
2024-09-26,861,Headphones,9,67229.33
2024-03-16,4643,Tablet,7,54999.32
2024-09-13,369,Laptop,7,189061.77
2024-08-20,1113,Smartphone,4,167532.17
2024-01-17,226,Laptop,7,248724.2
2024-05-27,2021,Laptop,10,130214.56
2024-04-30,2372,Headphones,9,136317.73
2023-11-09,1923,Laptop,7,143550.3
2024-06-13,2206,Headphones,7,107864.45
2024-04-15,4995,Headphones,11,286211.72
2024-02-18,1843,Headphones,11,125665.16
2024-04-24,1993,Headphones,2,67569.98
2023-12-05,24,Tablet,9,214850.89
2024-01-13,4822,Smartwatch,6,232636.38
2023-12-02,4737,Laptop,7,165524.81
2024-10-08,1058,Tablet,7,62567.43
2024-02-26,158,Headphones,6,142419.3
2024-02-08,1728,Laptop,1,159576.95
2024-02-20,3261,Laptop,4,215425.78
2024-06-28,3123,Laptop,5,288721.1
2024-05-20,3289,Tablet,2,51592.97
2023-11-05,3898,Tablet,9,198561.55
2024-01-29,2150,Smartphone,11,88602.57
2024-03-15,4871,Laptop,3,31394.28
2024-03-18,4429,Headphones,1,154432.45
2023-10-26,511,Laptop,11,92333.77
2023-12-02,4301,Tablet,3,144415.6
2024-09-17,4034,Laptop,11,96344.07
2024-04-29,2279,Laptop,1,206621.27
2024-09-16,902,Smartwatch,7,290177.1
2024-05-22,185,Headphones,8,135747.31
2024-08-17,912,Smartwatch,3,236766.9
2024-10-06,2528,Smartwatch,3,212539.3
2024-08-01,3298,Headphones,4,17049.88
2023-12-09,1043,Tablet,5,104138.97
2024-02-17,1348,Smartwatch,2,284567.53
2024-06-28,2139,Laptop,5,170155.4
2024-10-11,2885,Tablet,10,182009.98
2024-01-08,585,Smartphone,9,99615.61
2024-10-08,2554,Smartwatch,6,97537.86
2024-01-31,2090,Tablet,2,263155.3
2024-10-15,3249,Smartphone,9,254651.11
2023-12-27,726,Laptop,9,65269.41
2023-11-13,3978,Smartphone,1,184909.55
2024-02-24,2658,Smartwatch,11,282716.72
2024-09-08,2554,Headphones,4,248903.97
2024-04-18,507,Headphones,9,198311.05
2024-10-05,1117,Smartwatch,9,131212.66
2024-07-11,1678,Headphones,2,127546.3
2024-10-17,4023,Smartphone,7,104710.25
2024-07-09,1066,Smartwatch,2,175360.73
2024-07-25,3281,Laptop,2,20164.33
2024-05-16,1011,Tablet,9,74957.48
2024-07-30,2021,Headphones,2,79147.78
2023-12-13,3118,Headphones,11,10132.14
2024-07-08,4228,Headphones,5,260066.02
2024-04-26,1893,Smartphone,9,288517.97
2024-03-01,506,Smartphone,4,120778.11
2023-11-12,1449,Smartwatch,3,298641.0
2024-02-13,4879,Smartwatch,8,250787.94
2023-12-20,1868,Laptop,10,133034.2
2024-07-23,3652,Smartphone,4,77795.29
2024-08-21,3000,Headphones,2,16057.97
2024-04-30,2236,Smartwatch,5,31747.48
2024-04-11,4998,Tablet,1,190289.45
2024-04-17,2849,Smartwatch,5,36278.34
2024-02-04,3625,Laptop,4,268530.56
2024-09-22,3897,Laptop,2,220598.66
2024-03-17,1815,Headphones,2,96302.53
2024-10-01,3565,Tablet,2,282085.78
2024-07-01,2855,Laptop,5,92883.71
2024-09-16,2689,Headphones,10,89544.47
2024-04-04,4173,Smartwatch,3,103052.07
2024-04-08,1736,Laptop,7,206814.88
2024-02-13,722,Tablet,4,66156.4
2023-12-30,4200,Laptop,6,131997.02
2024-09-10,4437,Smartwatch,1,129434.51
2024-03-09,3676,Tablet,4,273553.12
2023-12-10,3703,Smartphone,4,147235.19
2023-12-12,4472,Smartphone,10,46177.38
2023-11-11,507,Headphones,6,160186.89
2024-06-29,2190,Laptop,5,74696.09
2024-09-15,4236,Headphones,10,148811.88
2024-05-21,71,Tablet,7,43742.7
2024-09-26,4014,Smartphone,9,26153.84
2023-11-30,2391,Laptop,6,221603.31
2024-03-11,843,Laptop,1,292230.88
2024-01-28,4439,Headphones,9,34249.43
2024-08-18,2934,Smartwatch,6,211445.12
2024-03-07,1359,Headphones,11,141914.27
2024-07-02,780,Laptop,5,24096.94
2024-07-06,4542,Smartphone,3,91963.04
2023-11-13,3256,Laptop,9,89240.37
2024-08-17,2689,Laptop,3,179570.52
2024-04-07,535,Laptop,3,72939.39
2024-08-31,453,Smartwatch,11,142369.34
2024-02-05,1448,Laptop,8,226082.52
2024-10-14,2456,Headphones,1,170890.81
2024-10-13,4850,Smartphone,7,54345.76
2024-10-17,299,Tablet,6,105007.27
2024-07-31,2974,Smartwatch,11,164709.52
2023-11-27,1073,Headphones,6,65531.34
2023-12-29,3574,Smartwatch,3,278143.97
2024-07-23,753,Smartwatch,7,158162.48
2024-03-12,563,Laptop,4,240042.56
2023-12-23,1190,Tablet,7,258791.9
2024-08-23,2930,Tablet,7,82236.48
2023-12-10,2618,Tablet,7,12000.93
2024-07-20,521,Laptop,7,252081.4
2023-12-16,2523,Smartwatch,3,215156.72
2024-09-19,1840,Headphones,3,164246.5
2024-01-25,2773,Smartwatch,4,299298.94
2024-08-11,948,Headphones,6,15066.66
2024-05-02,2215,Smartphone,6,15114.77
2024-05-26,3225,Headphones,10,234424.02
2024-01-01,530,Smartwatch,5,217260.47
2023-10-24,2949,Headphones,8,299675.97
2024-01-04,1465,Smartphone,10,215371.69
2024-08-03,4057,Tablet,6,94155.13
2024-01-31,1424,Smartwatch,1,299757.88
2023-11-05,3018,Laptop,1,282468.72
2024-09-20,4791,Smartphone,1,122205.21
2024-06-15,4557,Laptop,2,62900.09
2024-09-17,2953,Smartwatch,8,91114.19
2024-01-15,2011,Headphones,5,261326.81
2024-05-25,1198,Smartphone,7,128205.84
2024-02-15,3615,Smartphone,4,220682.19
2024-02-16,343,Smartwatch,4,188148.6
2024-09-30,584,Smartphone,5,245042.73
2024-03-02,1531,Tablet,1,137707.38
2024-09-29,4625,Smartwatch,2,270791.78
2024-09-09,1604,Tablet,8,63201.45
2023-12-06,566,Smartphone,1,64282.64
2024-08-07,4509,Smartphone,2,69459.49
2024-06-11,4308,Laptop,9,105763.61
2023-12-30,2903,Smartwatch,1,177880.81
2024-10-10,1210,Headphones,8,256573.83
2023-11-12,4742,Headphones,1,215918.8
2024-05-25,3893,Smartwatch,9,297555.06
2024-04-15,4848,Laptop,8,69974.39
2024-04-02,1293,Smartwatch,1,90806.14
2024-05-22,4046,Smartphone,4,232935.84
2024-10-17,2427,Smartphone,11,191111.31
2024-06-11,1991,Laptop,4,292633.22
2023-11-15,4002,Laptop,2,194730.11
2024-03-02,4394,Smartwatch,11,12861.77
2024-07-14,3872,Smartwatch,5,214783.19
2024-04-18,3326,Smartwatch,2,220756.06
2024-09-14,923,Tablet,5,46144.64
2023-11-10,1234,Tablet,11,30660.7
2024-02-01,4008,Laptop,7,87895.93
2023-12-11,2251,Smartwatch,6,185545.78
2024-06-19,2110,Laptop,9,256009.39
2024-03-28,424,Smartwatch,9,282137.5
2024-02-18,3358,Headphones,5,62388.31
2023-11-25,2869,Tablet,1,135279.8
2024-08-06,1222,Tablet,4,248250.33
2024-07-23,2191,Tablet,8,10041.9
2023-12-14,1141,Laptop,5,106109.41
2023-11-13,234,Smartwatch,7,209249.48
2023-12-18,3720,Smartphone,1,43309.52
2024-01-25,3588,Smartwatch,5,286833.66
2023-10-24,4503,Headphones,9,75604.26
2024-03-05,4849,Tablet,9,129169.81
2024-01-24,2457,Laptop,3,181828.27
2024-04-29,142,Laptop,6,287715.53
2024-09-27,794,Smartphone,11,44220.7
2024-03-22,4255,Tablet,2,97174.31
2023-10-25,806,Laptop,5,70657.24
2023-11-24,4725,Smartphone,1,265911.97
2024-02-07,1369,Smartphone,5,77505.68
2024-05-25,3080,Smartwatch,11,33406.57
2024-08-08,442,Smartwatch,3,108063.9
2024-06-17,3210,Headphones,9,209515.55
2024-02-13,3817,Smartwatch,9,165111.27
2024-02-29,3374,Smartphone,6,207495.16
2024-06-13,4163,Laptop,9,158081.02
2024-07-12,4996,Laptop,3,260232.34
2024-06-05,2024,Headphones,1,72887.26
2024-07-30,1640,Smartphone,11,258814.53
2024-09-01,613,Laptop,3,255213.16
2024-05-06,4821,Laptop,3,82401.31
2023-11-23,3601,Headphones,10,186846.45
2023-11-15,3479,Smartphone,9,160498.8
2024-02-27,3814,Smartwatch,10,96765.49
2024-03-15,2537,Headphones,4,150073.56
2024-09-04,168,Tablet,9,63607.12
2024-10-11,529,Smartwatch,6,205505.14
2024-05-18,3424,Tablet,2,13221.09
2024-08-25,3464,Smartphone,9,76234.2
2023-11-13,1827,Tablet,8,201906.92
2024-03-17,4444,Smartphone,5,116157.21
2024-06-04,3474,Tablet,3,128885.79
2024-10-18,4801,Smartphone,4,138103.02
2024-09-16,103,Laptop,10,151804.97
2024-05-28,4614,Headphones,4,93002.56
2024-02-06,3212,Smartphone,7,29952.58
2024-07-25,3114,Smartwatch,8,268592.5
2024-10-19,1490,Smartphone,2,151633.58
2024-05-25,2270,Tablet,9,271387.1
2024-08-29,1204,Headphones,6,255590.22
2023-11-03,2443,Smartphone,1,190463.02
2024-04-02,1272,Headphones,4,148536.19
2024-07-24,3832,Tablet,6,276683.3
2024-10-01,4606,Tablet,7,75561.81
2023-12-13,4936,Headphones,1,295766.94
2024-08-10,3881,Smartphone,6,140831.31
2024-02-02,1289,Laptop,7,102577.89
2024-04-18,1418,Tablet,4,232805.44
2024-08-14,3182,Smartphone,7,175082.95
2024-08-16,1712,Laptop,11,157075.9
2024-07-29,3496,Laptop,1,235451.16
2024-04-14,124,Headphones,6,247924.06
2024-04-08,1084,Headphones,7,251941.45
2024-05-25,2741,Laptop,2,153497.12
2024-07-04,3459,Smartphone,6,72002.53
2024-06-30,3172,Smartphone,4,67791.9
2024-06-24,3297,Smartwatch,6,228815.86
2024-09-08,2088,Laptop,3,97285.95
2024-09-22,2359,Tablet,5,114887.09
2024-10-22,889,Laptop,4,36401.14
2024-02-04,1232,Tablet,7,171244.95
2024-05-24,2291,Tablet,10,192128.94
2023-12-14,4242,Headphones,7,95413.63
2024-06-24,2412,Headphones,6,295347.38
2023-10-28,4005,Tablet,8,191703.66
2024-05-03,4313,Tablet,6,216266.95
2024-10-05,1778,Tablet,11,108414.95
2024-09-03,4291,Laptop,11,118744.8
2024-07-09,735,Laptop,7,291495.72
2024-03-26,817,Smartwatch,7,190390.69
2024-01-14,3342,Smartwatch,8,44944.61
2023-11-15,721,Smartwatch,4,102842.48
2024-09-04,1287,Headphones,5,159048.42
2024-03-06,1051,Smartphone,11,124554.4
2024-02-23,3890,Smartphone,7,270610.34
2024-01-24,2574,Smartwatch,1,93658.69
2024-10-06,1576,Laptop,4,72459.91
2024-09-04,3750,Smartwatch,10,142308.23
2024-10-15,4655,Smartwatch,1,288121.16
2024-09-21,4659,Laptop,5,104256.64
2024-05-29,3425,Tablet,4,210101.1
2024-03-09,925,Smartphone,11,147729.95
2024-08-21,803,Tablet,5,103036.8
2023-12-15,848,Smartwatch,7,275346.22
2023-12-25,406,Headphones,1,104835.49
2024-04-12,2285,Tablet,6,220026.36
2023-12-26,737,Laptop,8,101363.39
2023-10-26,1833,Tablet,4,27476.47
2024-08-04,1679,Smartwatch,8,86490.71
2024-06-11,3754,Laptop,1,14765.44
2024-10-22,4133,Smartwatch,1,18053.17
2024-02-03,880,Headphones,10,16694.97
2024-10-20,3146,Headphones,1,249220.92
2024-07-04,4577,Smartwatch,5,177563.81
2024-01-05,756,Laptop,9,253885.66
2024-01-12,4648,Smartphone,5,206821.27
2024-01-12,3962,Tablet,5,130305.06
2024-01-24,3658,Smartwatch,3,248639.05
2024-04-11,3532,Smartwatch,10,287372.53
2024-04-19,604,Laptop,5,183754.38
2024-05-29,3788,Smartwatch,4,31375.09
2024-06-20,3257,Tablet,2,231599.36
2024-04-12,4609,Smartphone,8,75734.12
2024-09-11,1743,Headphones,3,283774.84
2024-07-03,3148,Tablet,4,297267.5
2024-06-03,1432,Laptop,4,12598.62
2024-02-23,4039,Laptop,8,121780.62
2024-09-24,1691,Smartwatch,8,171257.25
2024-10-09,292,Tablet,6,211658.6
2024-07-25,4683,Headphones,6,212059.77
2024-07-09,3725,Smartwatch,1,38990.55
2024-07-07,3534,Smartwatch,7,171145.9
2023-11-01,1351,Laptop,3,204079.33
2024-01-26,3051,Smartwatch,1,264805.88
2024-04-15,4805,Laptop,6,294840.1
2024-09-09,257,Headphones,5,168229.8
2024-03-02,2174,Tablet,11,177077.34
2024-01-08,2327,Laptop,5,232828.28
2024-04-29,4138,Smartwatch,1,111579.98
2024-06-21,1895,Headphones,10,290819.03
2024-09-28,4454,Tablet,8,64118.12
2024-02-08,2911,Laptop,10,279718.47
2023-12-29,4630,Tablet,3,152163.67
2024-03-05,4334,Smartphone,11,58273.8
2023-12-22,1136,Smartwatch,1,205071.6
2023-11-18,753,Smartwatch,8,68722.39
2024-04-03,2312,Smartwatch,6,39729.44
2024-07-19,2646,Smartwatch,1,245269.7
2024-08-03,2103,Laptop,5,101948.09
2024-08-29,4958,Tablet,8,256780.45
2024-04-21,3531,Laptop,7,190148.38
2024-04-06,1130,Smartwatch,2,59456.06
2023-10-25,4459,Laptop,11,196417.94
2024-02-24,335,Headphones,9,165195.12
2023-12-10,4074,Headphones,1,77212.37
2024-09-24,2522,Headphones,9,180008.77
2024-07-10,4280,Smartphone,3,229334.45
2024-04-25,4803,Headphones,8,159719.66
2023-12-11,2664,Smartwatch,8,294874.22
2023-11-18,2224,Smartphone,11,137616.08
2024-06-04,2324,Headphones,7,237412.27
2024-10-07,2008,Smartphone,9,92140.35
2023-11-10,3816,Smartphone,6,198463.44
2024-10-10,1564,Laptop,7,290391.6
2024-03-31,2960,Smartwatch,9,84296.27
2024-08-13,3994,Tablet,4,135803.44
2024-03-20,3207,Tablet,1,166496.56
2024-09-09,2582,Tablet,7,68607.15
2024-04-02,4804,Smartphone,11,292936.3
2024-07-11,1482,Laptop,8,269146.9
2023-12-20,3679,Smartwatch,1,181186.64
2023-12-15,2521,Tablet,5,202841.1
2023-11-14,2387,Laptop,9,295322.28
2024-01-04,3768,Tablet,6,138983.7
2024-10-04,2991,Tablet,10,225746.98
2024-02-20,739,Laptop,9,234866.34
2024-04-12,1696,Smartwatch,8,283014.66
2023-12-22,1149,Tablet,10,234339.06
2024-03-29,2400,Headphones,1,53875.2
2024-04-09,1233,Headphones,9,28968.03
2024-01-09,2617,Tablet,9,289241.66
2024-01-09,4405,Smartwatch,5,111376.72
2024-07-12,1183,Tablet,4,140870.45
2024-01-23,2833,Smartwatch,9,109150.58
2024-08-15,2907,Headphones,1,244362.47
2024-06-16,3877,Smartwatch,3,223859.73
2024-01-14,678,Headphones,8,85632.26
2023-10-29,3359,Laptop,4,224705.62
2024-07-08,3600,Tablet,8,135534.94
2024-10-21,3241,Laptop,6,161258.23
2023-10-24,3881,Laptop,5,75090.87
2024-02-01,2123,Headphones,2,201496.22
2023-12-30,2147,Tablet,7,299852.88
2024-03-29,4864,Headphones,2,190445.12
2024-04-17,264,Headphones,2,44922.92
2023-11-28,1768,Smartwatch,2,289458.75
2024-09-29,4425,Laptop,10,276853.53
2023-12-12,1871,Laptop,2,74782.41
2024-09-18,1456,Headphones,1,147437.06
2024-09-08,2432,Smartphone,3,160311.56
2024-09-01,3589,Smartphone,1,284469.66
2024-10-18,4362,Headphones,6,120810.71
2023-12-25,328,Tablet,2,179512.81
2024-02-14,3438,Smartphone,3,19805.0
2023-12-26,1444,Smartwatch,4,78658.68
2024-02-28,2127,Tablet,4,57322.52
2024-06-22,4726,Smartphone,1,91749.48
2024-05-27,1872,Headphones,8,109905.92
2024-07-02,3416,Headphones,3,132554.7
2024-10-19,77,Smartwatch,1,251130.55
2024-10-11,3850,Laptop,4,132492.58
2024-08-10,4331,Headphones,4,19495.59
2024-07-11,3762,Smartwatch,3,217014.66
2024-09-25,4845,Tablet,11,32093.33
2024-04-08,2734,Headphones,9,102571.05
2024-05-22,1635,Smartwatch,9,31253.18
2024-05-22,1741,Tablet,2,150646.69
2024-10-17,3274,Laptop,2,19052.49
2024-09-14,723,Smartwatch,6,204860.97
2024-09-18,645,Smartwatch,3,75244.7
2023-11-05,86,Smartwatch,1,118054.59
2023-11-30,2950,Smartwatch,2,161268.0
2023-12-18,2448,Smartphone,4,297986.5
2024-09-01,4618,Tablet,11,114547.87
2024-04-29,4320,Smartwatch,7,292237.75
2024-03-31,1031,Smartwatch,4,176171.56
2024-07-05,4953,Laptop,5,129209.58
2024-05-13,3398,Smartphone,2,201745.8
2024-06-29,3516,Smartphone,11,246985.1
2024-02-09,2458,Smartphone,11,122604.53
2024-04-01,4790,Tablet,2,272530.62
2024-06-29,312,Laptop,9,120147.67
2023-11-23,4102,Smartwatch,9,182398.56
2024-08-15,2457,Tablet,6,155577.38
2024-05-24,1576,Smartphone,1,72153.33
2024-03-06,4022,Smartphone,8,233012.34
2024-08-23,39,Laptop,5,253651.66
2023-12-08,1176,Smartphone,2,252952.67
2024-07-24,2702,Smartwatch,8,163734.73
2024-07-30,264,Headphones,6,59460.18
2024-04-25,1438,Headphones,3,74337.79
2024-01-16,1995,Smartwatch,9,190189.88
2024-05-23,4061,Laptop,7,11693.24
2023-10-30,2006,Tablet,2,115508.65
2024-10-15,4595,Laptop,4,77056.08
2024-05-21,4696,Smartphone,8,65189.97
2024-06-07,3435,Smartwatch,1,218398.53
2024-09-28,1776,Smartphone,6,101456.61
2023-12-18,4358,Smartphone,7,130146.35
2024-05-10,2561,Tablet,9,220264.1
2024-01-12,2428,Laptop,8,172767.6
2023-10-28,1471,Smartwatch,4,125096.61
2023-11-28,4974,Headphones,11,141825.22
2024-03-13,3643,Smartphone,2,164199.33
2024-06-21,4806,Laptop,11,242980.98
2024-04-18,2838,Tablet,1,203310.48
2024-08-13,1892,Smartphone,4,152056.94
2024-02-10,1970,Smartwatch,8,135751.05
2024-04-25,830,Smartphone,4,89628.43
2024-07-31,2416,Smartwatch,8,53127.82
2024-10-02,3227,Smartphone,10,147599.66
2024-10-22,3596,Tablet,7,287167.1
2024-02-22,4092,Smartphone,10,176517.9
2023-11-17,2616,Smartphone,2,270182.97
2024-10-04,3085,Tablet,1,121781.13
2024-06-30,2399,Laptop,10,137328.39
2024-08-26,1311,Smartwatch,6,28798.17
2023-12-18,4567,Smartphone,9,211041.56
2024-08-17,91,Laptop,2,39008.29
2024-09-08,2109,Smartphone,9,50152.52
2024-07-18,3011,Tablet,8,184400.3
2024-01-27,4017,Headphones,7,147736.23
2024-08-10,4600,Laptop,1,57645.98
2024-01-04,3627,Tablet,6,268934.3
2024-09-10,1392,Tablet,4,135286.7
2024-02-26,2566,Tablet,11,47202.65
2024-08-01,418,Laptop,3,292407.2
2024-01-12,4505,Tablet,6,75538.52
2023-12-06,3022,Tablet,7,122001.88
2024-06-29,3203,Headphones,1,101180.18
2023-12-28,2749,Tablet,9,222580.31
2024-03-24,3396,Smartwatch,9,31449.47
2023-10-27,2967,Laptop,9,145143.53
2024-07-09,9,Headphones,11,161201.34
2024-10-16,3692,Headphones,10,13551.43
2023-11-20,2944,Smartwatch,8,177936.3
2024-03-22,2506,Headphones,7,84209.34
2024-06-15,2007,Tablet,5,143221.88
2024-07-31,2474,Smartphone,6,64777.27
2024-03-12,3606,Smartwatch,11,221746.69
2024-05-15,377,Smartwatch,3,71920.81
2024-09-26,354,Headphones,9,47043.73
2024-10-02,3923,Laptop,3,163864.62
2024-10-10,4499,Smartphone,4,63736.49
2024-05-25,631,Laptop,2,98960.44
2023-12-31,2774,Smartwatch,2,201911.06
2024-07-21,4562,Tablet,4,140897.16
2023-11-02,1087,Smartphone,5,77635.6
2024-03-18,2977,Tablet,3,250384.77
2024-04-25,1129,Tablet,4,48400.72
2024-05-27,682,Smartphone,4,131773.06
2024-05-08,2684,Laptop,8,96107.34
2023-11-21,2261,Headphones,7,175597.58
2024-09-24,4075,Smartphone,4,213510.3
2024-07-01,689,Smartwatch,4,205700.45
2024-04-13,3135,Tablet,5,26212.66
2024-08-21,2142,Smartwatch,5,263358.53
2023-12-09,4680,Tablet,9,40698.24
2024-06-12,3874,Smartwatch,4,93341.9
2024-04-23,571,Tablet,5,126975.87
2024-02-10,4982,Smartphone,8,73059.49
2024-03-23,1568,Smartwatch,10,106897.92
2024-04-22,3077,Tablet,5,235919.48
2024-10-07,2144,Tablet,7,255439.06
2023-12-13,437,Laptop,7,176744.23
2024-01-01,4823,Headphones,7,258685.94
2024-10-07,345,Laptop,10,282009.62
2023-12-01,4991,Smartwatch,1,188302.98
2024-08-23,2700,Headphones,10,276852.2
2024-10-17,4770,Smartphone,7,251059.0
2024-08-28,527,Tablet,8,294019.06
2024-04-23,1182,Laptop,6,197594.88
2024-06-16,2926,Smartphone,8,170399.94
2024-08-19,563,Laptop,5,102064.67
2024-10-19,1471,Smartphone,10,152828.5
2023-11-18,3039,Tablet,5,13947.05
2024-10-19,4592,Tablet,3,290236.03
2023-11-13,1289,Smartphone,10,189587.45
2024-01-13,434,Tablet,6,85213.8
2024-06-05,4435,Tablet,9,20886.64
2024-08-23,2661,Headphones,11,161898.42
2024-01-26,1517,Headphones,11,25675.32
2023-12-13,2876,Laptop,11,66916.33
2024-07-02,512,Headphones,6,209670.55
2024-03-08,3202,Laptop,8,27611.39
2024-07-20,1664,Headphones,3,75557.52
2024-01-27,3476,Smartwatch,9,190041.02
2024-01-26,4809,Smartphone,8,285268.8
2024-10-12,1106,Laptop,5,70788.63
2024-04-18,4606,Smartphone,7,242973.31
2024-07-01,3961,Tablet,7,243712.4
2024-04-10,1515,Smartwatch,4,272735.4
2024-02-21,3206,Smartwatch,2,87028.01
2024-04-13,2482,Laptop,9,263727.94
2024-07-15,2512,Laptop,9,249064.9
2024-04-15,4001,Smartwatch,11,162402.8
2024-02-07,708,Laptop,9,224652.34
2024-09-27,4701,Laptop,5,168241.23
2024-07-01,1161,Headphones,3,147210.97
2024-06-22,2922,Tablet,11,237642.0
2023-11-26,1685,Headphones,1,106967.61
2024-09-28,144,Smartwatch,9,161639.38
2023-11-07,4070,Tablet,5,171289.84
2024-04-26,2747,Smartwatch,4,248874.34
2024-02-25,3386,Laptop,8,73097.64
2024-05-20,2402,Tablet,8,91224.29
2024-02-21,3292,Laptop,5,229758.84
2024-05-01,531,Smartwatch,6,216181.39
2024-04-08,3184,Smartwatch,11,137734.1
2023-12-17,1198,Headphones,7,160606.4
2024-10-11,1921,Laptop,9,158789.5
2024-10-16,1262,Smartwatch,10,51931.75
2024-06-23,696,Laptop,9,72125.53
2024-02-14,3231,Tablet,6,74654.69
2023-11-29,2856,Tablet,7,221123.39
2024-04-24,3201,Smartphone,4,21839.58
2024-05-18,4755,Headphones,6,256525.9
2024-06-03,2058,Tablet,3,241316.4
2024-03-17,3851,Tablet,4,179380.28
2024-07-12,781,Smartwatch,3,221879.3
2023-12-27,98,Laptop,3,104083.89
2023-12-23,2908,Tablet,2,72553.22
2024-08-11,294,Smartwatch,1,21707.56
2024-01-01,4331,Smartphone,11,253452.45
2024-05-16,2586,Headphones,10,128479.15
2024-05-07,2681,Tablet,9,244033.66
2024-09-17,2721,Tablet,3,97833.22
2024-03-28,645,Tablet,3,284109.03
2024-07-23,3228,Headphones,10,273090.94
2024-07-09,4655,Tablet,1,218687.05
2024-10-10,3242,Smartphone,8,147139.95
2024-07-26,1747,Smartwatch,4,98955.54
2024-07-31,4421,Tablet,6,263918.16
2024-03-03,2782,Smartwatch,5,86487.1
2023-11-24,2337,Smartwatch,11,268176.34
2024-03-24,1914,Laptop,8,108499.39
2024-05-02,4863,Smartphone,5,45238.16
2024-07-26,2769,Smartwatch,10,117819.17
2024-08-15,3149,Laptop,1,51316.74
2023-12-28,4189,Headphones,10,130358.8
2023-12-21,964,Smartphone,3,195202.83
2024-05-13,3637,Headphones,5,26891.19
2024-06-29,2196,Laptop,1,181916.31
2024-01-11,2976,Tablet,10,25351.12
2024-06-06,2278,Laptop,4,55904.2
2024-02-23,2280,Smartphone,9,279428.03
2024-03-13,1429,Tablet,7,211147.05
2024-02-12,2148,Smartwatch,3,237447.05
2024-01-29,683,Laptop,5,95339.9
2024-06-09,3539,Smartphone,5,143473.17
2024-07-09,1741,Smartwatch,1,76364.3
2023-11-02,1464,Smartphone,10,121643.26
2024-10-11,4844,Smartwatch,2,289895.03
2024-06-28,2157,Smartwatch,8,121248.65
2024-10-12,323,Smartwatch,3,224772.4
2024-06-08,385,Tablet,4,187488.94
2023-12-24,1707,Smartphone,3,232251.6
2024-01-18,2300,Smartphone,3,259252.55
2023-11-08,4399,Smartphone,10,23877.35
2024-01-26,2207,Headphones,1,186965.12
2024-02-02,4285,Laptop,2,48969.13
2024-01-13,429,Tablet,4,282968.12
2024-02-17,395,Smartwatch,7,82325.01
2023-10-29,1111,Laptop,4,37807.11
2024-08-30,3444,Smartwatch,8,212988.45
2024-05-27,4040,Smartwatch,5,82391.83
2023-12-12,162,Smartwatch,2,78252.89
2024-03-26,122,Laptop,9,137702.97
2024-05-27,3151,Smartphone,5,264693.78
2024-04-19,693,Tablet,8,257816.66
2023-12-19,2930,Headphones,4,172968.73
2023-11-24,2411,Tablet,6,63475.6
2023-11-12,2826,Tablet,11,47897.34
2024-09-10,4876,Headphones,6,195433.77
2024-08-20,4287,Smartwatch,3,107798.85
2024-04-06,4970,Smartphone,8,153169.7
2024-07-12,2648,Smartwatch,4,160895.31
2024-09-20,904,Smartwatch,2,136480.48
2024-03-04,2262,Smartphone,2,283379.44
2024-01-30,3802,Tablet,10,107145.46
2024-08-20,439,Smartphone,5,147202.73
2024-03-04,1447,Laptop,8,132329.12
2024-06-25,4156,Tablet,5,267810.56
2024-01-13,3814,Smartphone,5,280889.9
2024-09-18,1687,Laptop,11,46123.36
2024-09-30,404,Headphones,2,29256.32
2024-04-14,2831,Tablet,11,224563.84
2023-10-24,2447,Laptop,8,281228.9
2024-04-17,1522,Headphones,11,111758.95
2024-09-15,2997,Smartwatch,8,169129.02
2023-11-09,1711,Tablet,8,92940.49
2024-02-21,536,Laptop,6,283858.47
2024-08-02,2181,Tablet,10,33170.34
2023-12-30,4422,Headphones,7,122663.58
2023-12-01,4376,Smartwatch,6,277708.2
2024-01-24,1632,Laptop,8,30969.94
2024-02-07,2991,Tablet,7,247629.77
2024-09-28,231,Laptop,10,55237.07
2024-05-18,696,Smartphone,9,89305.22
2024-10-01,2306,Smartwatch,1,123629.09
2023-10-31,2140,Tablet,11,214704.45
2024-06-28,2474,Smartwatch,2,258745.84
2024-09-17,3618,Tablet,6,131245.88
2024-05-18,4963,Smartphone,11,215859.3
2023-11-01,2960,Headphones,2,13758.54
2024-09-06,2192,Laptop,10,122948.44
2024-01-02,134,Tablet,3,211319.92
2024-06-23,4763,Smartwatch,10,109789.49
2023-11-11,4565,Smartwatch,8,97470.9
2024-06-26,3725,Tablet,1,87007.46
2023-11-15,2333,Smartwatch,11,283995.03
2024-05-30,1105,Smartwatch,2,206915.36
2023-11-21,1244,Tablet,3,110759.36
2024-09-11,2061,Headphones,11,249452.4
2024-05-12,3568,Tablet,1,295445.25
2024-03-13,4980,Headphones,2,114282.48
2024-08-20,2227,Tablet,1,210965.36
2024-03-02,103,Smartwatch,2,113715.44
2024-01-09,3229,Smartwatch,9,236933.2
2023-12-17,1482,Smartphone,6,289256.7
2024-04-24,4905,Tablet,3,276004.6
2024-04-22,460,Smartphone,6,72041.66
2024-10-11,1637,Tablet,6,270007.66
2024-08-15,2506,Smartphone,4,155416.7
2024-05-08,333,Tablet,3,293926.03
2024-09-23,3378,Headphones,1,44533.81
2024-06-07,4852,Headphones,1,247114.28
2024-08-29,1411,Smartwatch,3,40019.28
2023-11-23,1683,Laptop,11,245768.62
2023-12-09,3896,Laptop,2,65729.73
2024-02-21,184,Tablet,6,34806.03
2023-10-25,1704,Tablet,8,183783.95
2024-09-24,2163,Headphones,9,282612.88
2024-05-13,4722,Smartwatch,8,236848.03
2024-03-31,4494,Smartwatch,10,121117.29
2023-11-15,4384,Tablet,6,198676.9
2024-06-22,2928,Tablet,4,180215.88
2024-08-18,983,Headphones,2,93156.68
2024-08-04,2495,Smartwatch,2,68027.67
2024-03-10,1457,Smartwatch,9,184885.66
2024-06-05,1596,Smartwatch,7,109825.47
2024-02-07,1928,Tablet,6,33933.9
2024-07-12,1971,Smartphone,1,231278.67
2024-05-04,334,Tablet,8,290698.47
2024-05-15,3599,Headphones,8,80999.12
2024-03-11,311,Smartwatch,9,119186.45
2023-10-25,1187,Smartphone,5,248465.69
2024-10-03,1158,Tablet,8,251158.5
2024-01-11,2336,Headphones,8,13671.34
2023-12-14,3902,Smartphone,1,78247.81
2024-04-04,1744,Tablet,4,201113.38
2024-04-02,3975,Laptop,1,173387.19
2024-01-24,4036,Smartphone,11,160707.23
2024-05-31,2370,Headphones,9,226385.48
2024-04-28,4118,Smartwatch,8,24683.92
2024-03-30,4525,Smartphone,1,16198.03
2024-06-04,3910,Smartphone,6,287947.22
2024-05-18,1725,Headphones,11,146776.16
2024-01-22,2373,Smartphone,8,242570.1
2023-11-22,3341,Smartphone,6,146405.39
2023-12-02,2838,Tablet,1,23089.68
2023-12-07,4980,Smartphone,8,71480.38
2024-02-13,1603,Smartwatch,8,142651.4
2024-10-13,2185,Smartphone,11,150055.42
2024-08-30,3933,Smartphone,3,159530.58
2024-05-22,3066,Smartphone,9,209240.34
2024-08-16,2172,Headphones,9,215474.0
2023-12-14,3101,Smartphone,5,182924.25
2024-06-19,2952,Tablet,11,77794.49
2023-12-02,4564,Smartwatch,7,192613.98
2023-11-02,415,Smartwatch,11,79052.19
2023-12-02,4913,Tablet,8,289960.0
2024-02-05,1375,Smartphone,4,185334.1
2024-01-22,1873,Laptop,1,61935.88
2023-12-27,3678,Headphones,2,277171.66
2024-03-15,2980,Smartphone,4,254428.77
2024-07-05,4869,Headphones,3,272315.53
2024-09-03,1029,Laptop,3,33235.12
2024-03-09,1761,Smartwatch,9,165043.84
2023-12-29,3497,Tablet,10,256943.73
2024-02-25,4210,Headphones,9,229031.88
2024-10-21,3239,Tablet,3,122319.23
2024-01-05,4799,Smartwatch,8,45352.35
2024-03-04,721,Smartwatch,7,146997.38
2024-07-02,166,Headphones,2,76959.22
2024-02-02,1737,Headphones,9,124154.76
2024-01-03,3173,Headphones,8,145778.77
2024-05-13,1010,Smartphone,11,239559.0
2024-06-08,1835,Laptop,1,86248.91
2023-11-17,4011,Headphones,2,230300.2
2023-11-05,1049,Headphones,1,103219.78
2023-11-23,4751,Headphones,4,82656.4
2024-05-27,4327,Tablet,11,268985.6
2023-11-08,2908,Smartphone,7,96102.46
2024-03-18,2666,Smartphone,10,244853.3
2024-01-10,3893,Smartwatch,2,149288.67
2024-08-13,4044,Tablet,8,154662.23
2024-04-14,2625,Smartwatch,1,137007.86
2024-05-18,44,Smartwatch,1,299015.53
2024-01-25,786,Headphones,8,42334.52
2024-02-13,1875,Smartphone,4,33267.28
2024-06-29,4261,Tablet,2,74411.49
2024-02-22,2983,Smartwatch,6,233158.27
2024-09-14,4306,Smartphone,3,106752.71
2024-04-24,409,Headphones,10,295084.72
2024-04-10,760,Laptop,7,140459.12
2024-08-25,3918,Smartwatch,8,115179.87
2024-09-29,4036,Laptop,3,64128.05
2024-01-26,4547,Headphones,4,138681.12
2024-01-22,3428,Headphones,5,101220.12
2023-11-20,933,Smartphone,8,113982.28
2023-11-14,654,Tablet,10,161634.9
2023-12-10,695,Tablet,2,128527.86
2024-03-03,550,Laptop,11,10117.16
2024-01-01,2886,Tablet,6,205151.27
2023-12-07,1665,Headphones,2,39530.93
2024-08-17,4540,Headphones,3,270627.75
2024-02-26,174,Smartphone,3,112748.88
2024-06-28,2520,Smartwatch,2,188002.23
2024-09-19,3748,Tablet,8,241286.44
2024-06-01,4648,Tablet,1,199304.94
2024-02-24,48,Headphones,3,200802.23
2023-12-27,4770,Smartwatch,8,89925.22
2024-07-17,3853,Laptop,2,66962.68
2024-09-06,2964,Laptop,11,170841.02
2024-05-15,1455,Tablet,3,158578.9
2023-11-01,2851,Smartwatch,1,147872.02
2024-05-20,1903,Tablet,2,124637.21
2024-10-04,4102,Laptop,10,209614.47
2024-08-20,4485,Smartwatch,8,203744.12
2024-10-13,2061,Tablet,5,158979.05
2024-06-10,2157,Smartphone,8,186317.38
2024-07-18,3054,Smartwatch,3,43356.92
2024-03-21,2565,Tablet,3,50291.67
2024-05-24,4182,Tablet,6,170773.38
2024-05-25,4820,Smartphone,9,227494.94
2024-06-17,4181,Headphones,1,295406.9
2023-12-31,468,Headphones,4,242601.48
2024-04-15,703,Tablet,10,131151.78
2024-02-01,3887,Headphones,8,215788.48
2024-03-24,4764,Smartphone,11,144816.72
2024-08-20,4829,Tablet,7,113234.95
2024-05-02,4749,Tablet,7,109350.26
2024-07-04,2844,Smartphone,3,251031.44
2024-10-07,3161,Headphones,9,218550.88
2024-08-18,353,Smartwatch,6,128916.76
2023-12-27,3980,Smartphone,5,257549.92
2024-05-22,658,Smartwatch,9,60540.84
2024-01-07,4104,Laptop,2,83392.82
2023-11-06,3349,Tablet,8,101466.46
2024-05-11,2019,Smartphone,10,95859.59
2024-06-06,2966,Laptop,4,265179.72
2024-03-20,2004,Smartwatch,4,99255.97
2024-08-14,1254,Headphones,11,102248.18
2024-06-01,4522,Smartwatch,1,249293.58
2024-10-16,1400,Smartwatch,11,54064.07
2024-09-22,4973,Headphones,3,113291.85
2023-12-20,4209,Smartphone,3,32833.23
